longitude,latitude
14.7652599,51.5189293
14.7303642,51.5306226
14.7264023,51.5517518
14.6270254,51.50779
14.6378632,51.5054656
14.6426625,51.5043957
14.6563233,51.5034748
14.6897377,51.5271841
14.6968657,51.5237867
14.7103017,51.5208351
14.7161365,51.5171319
14.6897438,51.561003
14.7089002,51.5525621
14.7134208,51.5511707
14.7220098,51.5448985
14.7256439,51.5416926
14.7266837,51.5274444
14.7174184,51.5089716
14.713628,51.4999172
14.7198222,51.4941284
14.7222727,51.4884059
14.722537,51.4826318
14.7240753,51.5363852
14.7114155,51.5323904
14.6571363,51.5164008
14.6527398,51.5135015
14.6488155,51.5105136
14.6372915,51.5009926
14.632122,51.4965557
14.6280856,51.4931288
14.7098486,51.5027069
14.6858783,51.4957339
14.6716414,51.4930788
14.6666183,51.4915025
14.6610376,51.491231
14.6555439,51.4921923
14.631282,51.5013585
14.6261176,51.5024143
14.6321819,51.5055043
14.6192409,51.5075364
14.6145127,51.5105575
14.6063502,51.519469
14.6056581,51.5248292
14.593757,51.5348316
14.579189,51.5444324
14.5744557,51.5463858
14.5593259,51.5480917
14.490588,51.5090244
14.5023756,51.5173301
14.5058798,51.5217372
14.5217853,51.5342031
14.5316092,51.5393992
14.5443418,51.5302967
14.606375,51.509017
14.6986785,51.5506419
14.6959869,51.5450912
14.6671471,51.5356213
14.662209,51.5326099
14.6490149,51.5364723
14.64288,51.5371452
14.6353073,51.5371932
14.6260504,51.5373229
14.5920921,51.5405556
14.7087806,51.5590778
14.6215496,51.5402086
14.6166915,51.5153729
14.6184255,51.5201959
14.6226502,51.5241162
14.5619892,51.5435
14.5092843,51.5283138
14.478513,51.5133482
14.4949432,51.5102636
14.6724316,51.5344891
14.6825276,51.5346854
14.6266576,51.526852
14.7091329,51.4955492
14.6746671,51.508491
14.6481467,51.5046954
14.6204057,51.5124496
14.6316577,51.5127009
14.6421237,51.508827
14.6145336,51.520818
14.611478,51.5154746
14.6040302,51.4359877
14.6180503,51.3864339
14.6080416,51.3870464
14.5997898,51.3941112
14.7169557,51.5541237
14.7290377,51.4704594
14.7358261,51.4681442
14.7445202,51.4635211
14.7617233,51.4534148
14.7747423,51.4455751
14.5745386,51.3404312
14.5898825,51.3483511
14.5231054,51.3609882
14.5168443,51.3629368
14.5119256,51.3645962
14.5036073,51.365419
14.4977355,51.3661679
14.5005122,51.4576861
14.6564543,51.4334616
14.6140824,51.4335002
14.6110967,51.4370484
14.8995298,51.4790918
14.8443649,51.4847549
14.8377904,51.4893142
14.8317555,51.4918049
14.8204759,51.4979802
14.7943525,51.5066853
14.7632708,51.5164839
14.9428691,51.4604209
14.9471773,51.4574695
14.9522891,51.4479202
14.9533338,51.4337499
14.7269632,51.5004034
14.6634361,51.3879428
14.5156791,51.4098133
14.5048163,51.4045331
14.4998438,51.4050447
14.7125352,51.5646358
14.5008743,51.3355277
14.5043434,51.3445934
14.5078212,51.3693916
14.6410627,51.3151559
14.6341526,51.3184901
14.6275272,51.3210427
14.6195817,51.3225725
14.6133193,51.3250559
14.5982389,51.3432846
14.6026836,51.3477422
14.5132064,51.3958873
14.6164584,51.3803949
14.6071363,51.3532067
14.6078908,51.3602287
14.6054709,51.366827
14.612362,51.370611
14.6144698,51.3751157
14.5128752,51.3697707
14.4985813,51.3752081
14.5010721,51.3816601
14.5058232,51.3863806
14.509533,51.389753
14.5160315,51.5399955
14.4579398,51.5520934
14.5289849,51.5353088
14.575741,51.5653755
14.5462162,51.5467515
14.7221592,51.5538781
14.7261906,51.5466732
14.7163916,51.5549924
14.7192502,51.5486767
14.724031,51.5484745
14.7236891,51.5730758
14.7223634,51.5537937
14.7178685,51.5532856
14.5872166,51.3525933
14.5815785,51.3570606
14.5696156,51.3578581
14.5537599,51.3573661
14.5447366,51.3588733
14.5407692,51.3558704
14.617033,51.5062039
14.6146668,51.4999307
14.6195524,51.5001088
14.628974,51.4979262
14.6226751,51.4953694
14.6342095,51.4956761
14.6386478,51.4937867
14.642907,51.4919695
14.6331176,51.4936296
14.6433678,51.5008989
14.6486838,51.5015741
14.6431218,51.5027715
14.6233245,51.5036257
14.6124762,51.5067352
14.7179132,51.5349263
14.6004508,51.5269507
14.6042589,51.5186029
14.6030913,51.5134249
14.6003264,51.5091146
14.7091764,51.4694703
14.6874532,51.4477017
14.4933158,51.3379649
14.4882255,51.3357377
14.7205321,51.4893883
14.5355952,51.5446031
14.5665125,51.5674433
14.5676737,51.5260059
14.5763628,51.404858
14.8343286,51.4564569
14.9141511,51.4679006
14.9168067,51.456388
14.8556146,51.447792
14.9237641,51.4442614
14.885827,51.4391255
14.8904618,51.4232861
14.9280461,51.4159171
14.9302873,51.4205029
14.8932084,51.4297081
14.776822,51.4687561
14.8054894,51.4606283
14.8023995,51.4550664
14.7730235,51.4627524
14.777337,51.4794483
14.7903832,51.4788069
14.7953364,51.4684851
14.7242936,51.4474711
14.7361382,51.4496107
14.7388848,51.4425495
14.7287568,51.4409445
14.6928796,51.4547455
14.7060975,51.4548524
14.7102174,51.4440474
14.700776,51.4458663
14.6942529,51.4489688
14.7418031,51.4370924
14.7496995,51.4411585
14.7086724,51.4333469
14.7304734,51.4348451
14.7311601,51.4299222
14.6654138,51.4289589
14.6743401,51.4299222
14.6818932,51.4249987
14.6726235,51.4232861
14.6918496,51.4272465
14.699231,51.4263902
14.6925363,51.4216804
14.6870431,51.4254269
14.4794818,51.3294497
14.9458247,51.4701274
14.7102351,51.5431772
14.6885319,51.5480956
14.4727269,51.5538218
14.5063285,51.4143116
14.4792416,51.4748851
14.4832664,51.4726001
14.4889719,51.4687272
14.5137387,51.447744
14.5161153,51.4421732
14.5272537,51.4295781
14.5373368,51.4238514
14.5001949,51.3870998
14.4972229,51.3828617
14.4919444,51.3724365
14.5279248,51.528762
14.5189979,51.4983804
14.5250691,51.538412
14.4856332,51.5085094
14.5366817,51.5286634
14.5465608,51.4248166
14.7218227,51.516931
14.9609882,51.4355896
14.9645881,51.4408653
14.960826,51.4497782
14.9568137,51.4544489
14.955179,51.4595403
14.9517268,51.4657828
14.9412249,51.4719188
14.9360964,51.4723238
14.9293426,51.4725083
14.9228718,51.4765354
14.9184853,51.4777163
14.9126281,51.4791605
14.9070791,51.4796153
14.8959776,51.4822897
14.8899634,51.4841283
14.8814557,51.4837769
14.8764082,51.4828048
14.8700592,51.48189
14.8639054,51.4809952
14.8623313,51.4861269
14.8573005,51.4889033
14.8514131,51.4893115
14.8425617,51.4933422
14.8374543,51.4956087
14.8317699,51.4981358
14.825521,51.4991591
14.8133148,51.5012561
14.8089453,51.504277
14.8062714,51.5091619
14.7948725,51.5131637
14.7903182,51.5133134
14.7856629,51.5133423
14.7742573,51.5167743
14.7315282,51.5284399
14.716346,51.4871166
14.7075433,51.4905593
14.6375443,51.4071453
14.587531,51.4137263
14.5880506,51.4236901
14.6383078,51.4909502
14.661586,51.4360537
14.6652304,51.4390934
14.668913,51.4442685
14.6713956,51.4500094
14.674585,51.4585432
14.6758905,51.4635352
14.6716732,51.4709169
14.6658874,51.4733955
14.6607251,51.4747853
14.655712,51.475876
14.6503931,51.4770182
14.6431426,51.4793989
14.6369803,51.4814737
14.6311316,51.483705
14.6260754,51.4862455
14.6188743,51.4884277
14.61376,51.4911114
14.6086852,51.4938467
14.6034148,51.4968654
14.5981372,51.5002125
14.575418,51.5116172
14.5813202,51.5060632
14.575182,51.5196746
14.5751099,51.5248035
14.583756,51.5360247
14.5784948,51.5387499
14.717121,51.5407906
14.7250795,51.5379354
14.8607635,51.480758
14.7571597,51.5202428
14.752451,51.5084913
14.7582241,51.5086578
14.4742495,51.3562189
14.4786993,51.3490389
14.4946565,51.3334479
14.4902652,51.3308331
14.4996563,51.3303024
14.50435,51.3317847
14.5210719,51.3501346
14.4908116,51.32609
14.6110026,51.3329818
14.6182599,51.3276964
14.6383391,51.3349657
14.6436467,51.3352005
14.6202017,51.3550263
14.6473632,51.3546517
14.6417731,51.5353815
14.6448058,51.5536938
14.6306288,51.5373792
14.6250377,51.5357662
14.6311153,51.5383704
14.6293433,51.5325479
14.5736322,51.3954377
14.5618559,51.4092428
14.5518224,51.408276
14.5437325,51.4024298
14.5540908,51.4009921
14.5781855,51.3948961
14.5828317,51.3912904
14.5882059,51.3898351
14.5894868,51.3839563
14.5842922,51.380024
14.5733566,51.3743446
14.5670887,51.3634923
14.5612273,51.3594645
14.5518722,51.357645
14.5226454,51.3670091
14.503517,51.3816879
14.5274583,51.3851151
14.533099,51.3863717
14.5435989,51.3884686
14.5545005,51.3924931
14.5588243,51.3945255
14.5475676,51.400002
14.5570222,51.3447144
14.7193574,51.5711936
14.6707909,51.4554059
14.5715857,51.5349207
14.5806441,51.4025483
14.646346,51.3778744
14.7016343,51.4809111
14.5879542,51.3996098
14.6915542,51.4739743
14.7051496,51.4753327
14.7228991,51.4944351
14.7167733,51.4944518
14.6196034,51.5064241
14.6145868,51.4933699
14.7053745,51.4971998
14.7171766,51.4992972
14.7239906,51.4905005
14.728663,51.489472
14.735244,51.4886342
14.599183,51.3520935
14.5805787,51.339733
14.5124944,51.3646022
14.6329813,51.4886003
14.6424835,51.4943897
14.6325827,51.4983489
14.5993624,51.4389429
14.6040972,51.4381515
14.5088823,51.3324947
14.5054631,51.3395205
14.7403365,51.4986506
14.7326661,51.4975372
14.7320134,51.5052496
14.7479459,51.5001081
14.7380421,51.5056455
14.7281736,51.5025897
14.7409555,51.4991023
14.7578131,51.5013016
14.7502978,51.4942097
14.7272269,51.4845116
14.7196442,51.4831347
14.714424,51.482793
14.7245073,51.5081175
14.7155945,51.5138144
14.7128165,51.5070048
14.7173798,51.5187819
14.725822,51.520706
14.7097515,51.5158335
14.6671174,51.5080674
14.6631883,51.5050888
14.7028907,51.4864605
14.6957805,51.4838092
14.6837905,51.4760648
14.6804206,51.4694224
14.5495539,51.4191997
14.5513729,51.4146148
14.5554308,51.4124132
14.5601428,51.4128962
14.5689702,51.4137591
14.5749524,51.4147412
14.580678,51.4159672
14.587332,51.4173479
14.5862647,51.4233278
14.5796941,51.4236981
14.5750659,51.4231434
14.5659111,51.4218271
14.5575259,51.4206183
14.5450397,51.5389164
14.5843492,51.418717
14.4888287,51.3674225
14.500897,51.3394487
14.4751476,51.5030684
14.8039162,51.4875206
14.7336359,51.5233896
14.6518169,51.4988331
14.6525569,51.5065148
14.6399818,51.5136543
14.627676,51.5183172
14.6263502,51.5097705
14.6460953,51.5047226
14.6872458,51.5423473
14.6836302,51.5280219
14.6800502,51.5323787
14.7406407,51.511253
14.7374137,51.5154177
14.7250237,51.5143662
14.7300265,51.5145428
14.7208247,51.523971
14.6624814,51.5191857
14.6941141,51.5342296
14.6590909,51.3863547
14.5050829,51.363451
14.7228128,51.4776444
14.6235319,51.3619473
14.5160904,51.4936881
14.68004,51.4955945
14.6979787,51.4966469
14.5193526,51.4883973
14.5256574,51.4847216
14.49606,51.4984126
14.5006423,51.4994477
14.506683,51.4967433
14.5116709,51.4906038
14.5183802,51.4925847
14.5252912,51.4911329
14.5328386,51.4895133
14.5249564,51.4990486
14.6788585,51.4646663
14.5203699,51.5172999
14.5141138,51.5332486
14.520827,51.5405733
14.5239419,51.4131254
14.832118,51.5038226
14.7293575,51.5423693
14.7257811,51.5356097
14.5778809,51.528584
14.5269555,51.5057486
14.5249227,51.5104811
14.5323033,51.5042106
14.5309437,51.5433114
14.5015489,51.5148249
14.5138637,51.5112106
14.5364242,51.5338373
14.5576061,51.3255531
14.7032459,51.5755325
14.633974,51.5519842
14.5438998,51.56125
14.4766943,51.4708765
14.5203713,51.3310895
14.6983285,51.5768682
14.476414,51.4827047
14.7205212,51.5861607
14.5066919,51.5569913
14.5816401,51.3227018
14.6205259,51.5503159
14.4778607,51.5572408
14.512657,51.5554519
14.6983943,51.5897462
14.4717007,51.3643733
14.5659484,51.5781866
14.5237459,51.5575422
14.4469704,51.5528579
14.4774796,51.3704427
14.5175104,51.5545449
14.6152145,51.5500138
14.6812342,51.5539242
14.6283915,51.5506571
14.4718692,51.3314269
14.5060174,51.4483159
14.4593752,51.5114129
14.4978238,51.5589244
14.4795199,51.385598
14.4797212,51.321187
14.5666723,51.3173833
14.4619024,51.3529785
14.5947088,51.3195429
14.4698624,51.5101028
14.4846476,51.4658731
14.4679951,51.3459163
14.5890916,51.3222332
14.5487552,51.4106133
14.4859934,51.5579958
14.58263,51.5748617
14.6377217,51.5536568
14.4650028,51.3584759
14.5985442,51.3117354
14.5775134,51.3246578
14.4727424,51.5570157
14.5132561,51.4374195
14.4867512,51.4569734
14.4736518,51.4902508
14.5868333,51.3124923
14.7040956,51.5827255
14.5711008,51.3198895
14.6053368,51.3033164
14.4921085,51.5587057
14.5320178,51.5590779
14.4744692,51.4984594
14.47453,51.4774676
14.4838215,51.3800897
14.4508226,51.5379564
14.4983517,51.559036
14.5609628,51.5736356
14.549723,51.3347199
14.5917742,51.3178498
14.4783874,51.4932938
14.5518577,51.3292444
14.4798674,51.5573597
14.4857939,51.4500024
14.5098376,51.4439363
14.4949774,51.4611017
14.4471934,51.5489934
14.4748372,51.5057106
14.4630317,51.3461596
14.5649119,51.5339864
14.5548416,51.538341
14.5386138,51.5397943
14.556619,51.5314097
14.5506922,51.5321903
14.5833425,51.5290047
14.5685306,51.5290766
14.6092878,51.5105554
14.5939161,51.3929395
14.6155562,51.5150331
14.6007559,51.43122
14.6743235,51.5035143
14.6692235,51.5034125
14.5488288,51.4846273
14.5415569,51.4841861
14.5363712,51.4828757
14.5316818,51.4837802
14.5591373,51.5252081
14.6287751,51.3649445
14.6341347,51.3678204
14.6398324,51.370961
14.6434546,51.3739977
14.4812117,51.364859
14.4772783,51.3614263
14.6032411,51.3478271
14.5213952,51.5292355
14.6274233,51.3940304
14.6216253,51.3979883
14.6175535,51.4017789
14.6151297,51.3963229
14.5894485,51.5097936
14.5618938,51.5166878
14.5766861,51.5035947
14.5711512,51.5029582
14.5684471,51.516811
14.5830002,51.5107127
14.6310612,51.3826418
14.6369806,51.3795899
14.6421779,51.3797741
14.6481662,51.377788
14.6546397,51.3768635
14.6000288,51.3880922
14.5732147,51.3980225
14.5807041,51.4003502
14.5860009,51.4016117
14.6158181,51.3613581
14.6404999,51.3984721
14.5702169,51.4034182
14.5905969,51.4015132
14.6044749,51.400891
14.6077234,51.39634
14.577371,51.4103412
14.5822403,51.4092351
14.5896058,51.4071828
14.5887514,51.4119206
14.5347968,51.5269165
14.5388635,51.5230609
14.4847458,51.3685954
14.4932177,51.3663545
14.4881458,51.3652587
14.4817676,51.3659294
14.4729124,51.3596579
14.4788459,51.3556797
14.6085576,51.5022756
14.5255594,51.5047712
14.5185168,51.5103364
14.533541,51.5088333
14.5597613,51.4078065
14.5816106,51.3688864
14.5783625,51.3641477
14.5931912,51.4037725
14.5391334,51.5292289
14.5444783,51.5293503
14.5506326,51.5279136
14.554523,51.525316
14.7150668,51.5229765
14.7054393,51.5222568
14.7179094,51.5087123
14.7165111,51.5154998
14.7206078,51.5207784
14.7255588,51.5257031
14.7222583,51.5316027
14.7021004,51.5264954
14.7176411,51.532012
14.5094658,51.3682302
14.5148842,51.3723867
14.7453693,51.5157714
14.753935,51.5167167
14.7432624,51.5093693
14.7496494,51.5055384
14.7639479,51.4965068
14.7727366,51.4911786
14.780161,51.4840299
14.7341383,51.5106548
14.727294,51.5096472
14.7085038,51.50965
14.7014204,51.5094619
14.6952169,51.5089519
14.6907013,51.5087254
14.6846339,51.5085074
14.6985535,51.5136473
14.6931744,51.5208207
14.6928609,51.5133344
14.6814399,51.5118657
14.6999751,51.5214164
14.7055327,51.5203681
14.5338773,51.5342917
14.5826501,51.4114671
14.8573686,51.4597603
14.8985049,51.4705169
14.9057813,51.4667008
14.7922164,51.4868541
14.7723957,51.4848611
14.76693,51.4841055
14.7547033,51.482349
14.7452144,51.4809262
14.7356764,51.4795691
14.7305008,51.4788674
14.752004,51.4989394
14.7613862,51.4702579
14.762033,51.4919042
14.5965076,51.3364519
14.5433833,51.4246233
14.7601445,51.5011183
14.7656212,51.50176
14.7622639,51.5055359
14.7670861,51.5002382
14.8085768,51.4976535
14.8036948,51.5003674
14.7984241,51.5021609
14.7953534,51.496103
14.7921079,51.4994217
14.7875186,51.5001059
14.7789845,51.4983336
14.475015,51.5541178
14.8151352,51.5010472
14.8241065,51.5047787
14.7935335,51.5094823
14.7985509,51.5075679
14.7931749,51.5155829
14.8164691,51.4936727
14.8005857,51.47458
14.8080414,51.472078
14.7794164,51.5158032
14.7974279,51.5131516
14.5474849,51.4296016
14.7562716,51.4779046
14.749516,51.5206163
14.7447418,51.5205738
14.7393502,51.5212508
14.5021425,51.3687383
14.4729412,51.5142572
14.7142394,51.5238514
14.7741827,51.5007357
14.7805709,51.5044001
14.7864224,51.5056495
14.7792183,51.5067623
14.7690073,51.5184204
14.5649653,51.5009868
14.5591868,51.4992827
14.7619571,51.5150899
14.7666684,51.5126156
14.7713925,51.5130876
14.5650214,51.4111613
14.5996675,51.4033509
14.6073685,51.4019842
14.7226546,51.5048215
14.7166195,51.5034532
14.7180662,51.4926674
14.7073859,51.4970153
14.7126212,51.4959925
14.7234582,51.4939999
14.8211271,51.4832985
14.8398785,51.4881701
14.8651009,51.4866239
14.7188678,51.4945724
14.7143354,51.4915553
14.7089285,51.4871046
14.7045821,51.4961629
14.7215377,51.498767
14.9242135,51.468472
14.7597128,51.5178884
14.59395,51.4266605
14.589907,51.4202477
14.5884766,51.4150591
14.5903506,51.5670913
14.5854519,51.5679823
14.5777654,51.5747062
14.479828,51.5060812
14.4746638,51.5004052
14.480276,51.4778763
14.4934071,51.4668778
14.5059364,51.4570121
14.5096821,51.4540988
14.5336775,51.4278723
14.6881681,51.4870891
14.6977753,51.4815232
14.6925125,51.4817051
14.6768601,51.4909168
14.6929153,51.497121
14.6914983,51.4881619
14.702108,51.4889214
14.6044841,51.3717575
14.6097765,51.3754913
14.7484238,51.5122144
14.7396133,51.5162944
14.7302907,51.5166724
14.8003412,51.4909547
14.7898415,51.4933736
14.7810583,51.4923832
14.7524778,51.4882422
14.7430081,51.4869528
14.7408496,51.4927105
14.7196235,51.4641847
14.7240111,51.4710063
14.7169758,51.4633913
14.732597,51.4832703
14.7472831,51.4749351
14.7513873,51.4815848
14.7378735,51.4735795
14.7691099,51.4780943
14.7843137,51.5053209
14.5472744,51.4797685
14.5544811,51.4760319
14.5604401,51.4723614
14.5540769,51.472119
14.558966,51.4677205
14.5636966,51.4663266
14.4838379,51.348474
14.4817038,51.3438222
14.5017947,51.3444663
14.4807542,51.338479
14.4763346,51.3404466
14.4717351,51.337533
14.7939267,51.5037513
14.6624512,51.3563644
14.6579567,51.3583527
14.6505306,51.3609653
14.6449754,51.3626659
14.644597,51.3563631
14.6376341,51.3587283
14.6322532,51.3601135
14.6017812,51.3651893
14.5972126,51.3669492
14.5925153,51.3680648
14.5862105,51.3686496
14.5797233,51.3691134
14.5750465,51.3684815
14.6988667,51.5182896
14.6573233,51.5075368
14.8020445,51.4957987
14.7227581,51.5790325
14.7264368,51.5420435
14.7232929,51.5337454
14.7754152,51.5092562
14.7627118,51.507873
14.7539476,51.5112528
14.6549939,51.3939185
14.6471453,51.3990584
14.6549706,51.401327
14.6445581,51.404048
14.7145121,51.4749206
14.7607384,51.5011237
14.7659976,51.499456
14.5104985,51.5297507
14.7081132,51.5267372
14.6867751,51.5227075
14.6689692,51.51723
14.6734631,51.5198685
14.6801135,51.5210646
14.6851894,51.5215046
14.6791933,51.5191595
14.688036,51.5194453
14.6935764,51.5188639
14.704644,51.5172875
14.6626135,51.5151932
14.5946667,51.4184657
14.5998097,51.4137116
14.6115752,51.412293
14.619832,51.4123254
14.6289028,51.4123407
14.6412435,51.4123812
14.6453546,51.396136
14.6446892,51.3911016
14.643956,51.385932
14.6485926,51.3870386
14.6522716,51.3897709
14.6869969,51.5163639
14.6778871,51.5178137
14.671347,51.5116401
14.7152436,51.5284126
14.7115748,51.5153913
14.6605439,51.4775411
14.698779,51.5333088
14.7057555,51.5345467
14.7109637,51.5362908
14.7023037,51.5293774
14.500569,51.3598087
14.492454,51.359845
14.4869817,51.3604386
14.4790855,51.3621847
14.6298983,51.3158214
14.6240791,51.3166952
14.615654,51.3137216
14.7190853,51.5364494
14.719979,51.5429981
14.7144139,51.5491288
14.6968264,51.530227
14.7131259,51.5418779
14.6543493,51.5334098
14.674677,51.5303429
14.6852047,51.5357022
14.6885755,51.5302456
14.6842952,51.528563
14.5479444,51.5610558
14.635998,51.5352741
14.707984,51.5441549
14.6529272,51.5182948
14.6484519,51.5201268
14.6427914,51.5229199
14.6388402,51.5278006
14.6337498,51.5190904
14.6450041,51.5151251
14.6547807,51.514001
14.6591494,51.5111577
14.6646048,51.5103208
14.7023512,51.5106667
14.7091378,51.5111324
14.6673637,51.5298613
14.6197374,51.518661
14.6977824,51.5282656
14.6596673,51.5312725
14.6524928,51.5306846
14.6469894,51.5294882
14.6346351,51.5304215
14.6946271,51.5423341
14.6987797,51.5374459
14.5521271,51.391659
14.5027794,51.3749749
14.6864795,51.5231557
14.6501773,51.5121354
14.5202632,51.5338793
14.5136158,51.5343123
14.6788886,51.5244236
14.6744526,51.5220656
14.6796051,51.5287934
14.6989553,51.5232338
14.5298561,51.5290227
14.5246769,51.514466
14.5300784,51.5182706
14.5088677,51.3398427
14.5150357,51.3402431
14.5043322,51.3566591
14.5082394,51.3603138
14.5060893,51.3422614
14.6000328,51.3316554
14.6491832,51.366367
14.6536657,51.36377
14.6660856,51.3716203
14.6597191,51.3776255
14.6170024,51.4974062
14.6218366,51.4933823
14.6124599,51.4987785
14.616324,51.5011828
14.6257103,51.5000244
14.6323187,51.5022794
14.6526908,51.5006391
14.65751,51.4999052
14.6096787,51.5181309
14.612202,51.5053895
14.6413239,51.504467
14.6275916,51.4938029
14.6334661,51.4961347
14.6366762,51.5008328
14.6322006,51.5126827
14.6389287,51.5054134
14.6420142,51.5088676
14.5179688,51.344254
14.4980538,51.3334395
14.6093649,51.5005258
14.6509206,51.5025187
14.6100586,51.5078463
14.6216581,51.5050999
14.6307982,51.5069572
14.6440753,51.5040503
14.5371601,51.4360232
14.5104989,51.4119125
14.5176076,51.4099663
14.5227059,51.4103539
14.7111932,51.5509171
14.5128586,51.5400866
14.5080521,51.5402601
14.5000269,51.5422352
14.4909503,51.5444238
14.4843199,51.5460252
14.4785048,51.5474263
14.4739344,51.5485472
14.4682883,51.5500049
14.4962388,51.5485412
14.5011595,51.5530562
14.4933556,51.5561647
14.4565532,51.525745
14.4686494,51.5171937
14.4659495,51.5217155
14.4710239,51.5192375
14.4754796,51.5200979
14.4716934,51.5241153
14.4958384,51.5224183
14.4664187,51.5312047
14.4672637,51.5263115
14.4664574,51.5347515
14.4749577,51.5326552
14.4702778,51.5315075
14.4628984,51.5378823
14.4925549,51.5329464
14.4823163,51.5323924
14.4924162,51.528246
14.4989912,51.5341096
14.4944379,51.5331787
14.4872805,51.5029721
14.4901088,51.4990641
14.4672511,51.5203402
14.4796236,51.5179401
14.4818658,51.5054325
14.4847529,51.5193517
14.4845449,51.524846
14.4905887,51.5239447
14.4609419,51.5430331
14.4892926,51.5300072
14.4966727,51.5283561
14.4952874,51.5428865
14.4624454,51.5505459
14.5042094,51.5305867
14.5094959,51.3539789
14.5078271,51.3470723
14.5166517,51.3522606
14.5115168,51.3531724
14.5164789,51.3487339
14.511842,51.3537346
14.7126849,51.5704085
14.7402401,51.5252687
14.7513739,51.5218238
14.7630602,51.5200784
14.8341397,51.5003717
14.8747531,51.4852369
14.9127776,51.4835497
14.9588674,51.4557577
14.969254,51.444463
14.961692,51.433339
14.9116756,51.4122467
14.8945714,51.4126053
14.6786179,51.5241719
14.6929038,51.5356475
14.6935101,51.5566103
14.6042869,51.4892018
14.6723274,51.4884283
14.6037348,51.5232368
14.4940212,51.4885234
14.5759321,51.4900733
14.5938849,51.5508248
14.6543937,51.3216272
14.720816,51.4158216
14.6270124,51.416879
14.5897763,51.4213549
14.4542593,51.5441892
14.4592664,51.5475558
14.578123,51.418018
14.5707309,51.4118517
14.5699246,51.3284914
14.5697115,51.3367999
14.5998311,51.4366614
14.524572,51.5364085
14.5290886,51.536356
14.6393476,51.5282586
14.6440193,51.5153087
14.5933846,51.5167955
14.5882557,51.5189435
14.5825106,51.5184
14.5687425,51.4179927
14.5518187,51.414796
14.5620041,51.5640432
14.6228152,51.3887092
14.6053879,51.5158294
14.6003948,51.517407
14.5796147,51.4227498
14.5751926,51.417298
14.7151822,51.579239
14.7202588,51.5860782
14.7120233,51.576267
14.7168367,51.5804631
14.7208125,51.5839006
14.5498332,51.3463388
14.7252029,51.5435078
14.7231707,51.5375403
14.562273,51.3476731
14.56953,51.349335
14.5751255,51.3488064
14.562355,51.349144
14.5621797,51.3542565
14.5666528,51.357131
14.5796402,51.348293
14.5648792,51.3413029
14.6272207,51.326739
14.625172,51.3309822
14.6230162,51.3356889
14.6046763,51.3380077
14.5982257,51.3411743
14.5852008,51.3409271
14.6250303,51.3081413
14.6314393,51.3051042
14.6368499,51.3059291
14.6453723,51.3185486
14.6283143,51.3100583
14.6039365,51.3134458
14.6062188,51.5220488
14.6428654,51.4991058
14.5678511,51.5393531
14.6390924,51.364207
14.5247664,51.400631
14.5194234,51.4188945
14.5003564,51.3907087
14.5438644,51.4139753
14.5391254,51.4184245
14.6805454,51.3743232
14.5336854,51.4210865
14.6092574,51.3448644
14.5256004,51.4236076
14.4873288,51.3694523
14.6762974,51.3727022
14.5061145,51.3957364
14.5183064,51.4151054
14.5726364,51.3513086
14.5299984,51.4048231
14.5206724,51.4101482
14.5182074,51.4169744
14.5381044,51.3597408
14.5781684,51.3500566
14.5322164,51.3611789
14.6866084,51.3752023
14.5160243,51.4004143
14.5568654,51.3551027
14.6637444,51.3599108
14.5289064,51.4279137
14.6810904,51.3744592
14.4981291,51.3883991
14.5099334,51.3994239
14.5036763,51.3325219
14.4903266,51.3428674
14.5160213,51.3514095
14.5414283,51.3438513
14.5486843,51.3405602
14.5529043,51.3387331
14.545053,51.3365996
14.5485383,51.3407172
14.5789863,51.3440473
14.572769,51.3457176
14.6201513,51.3570466
14.615509,51.3315794
14.644624,51.3415146
14.6577623,51.3400372
14.6527299,51.339018
14.6438373,51.3611837
14.6266351,51.3390619
14.6348043,51.3410782
14.5780436,51.3986141
14.5044813,51.3634863
14.5183294,51.4000643
14.5811092,51.3739857
14.7121191,51.5020684
14.7303482,51.5220779
14.7174395,51.500706
14.5346317,51.406281
14.4927607,51.3779176
14.5098226,51.338778
14.5009857,51.3522072
14.5836186,51.4259483
14.5724551,51.4245213
14.5783691,51.4253038
14.5026937,51.3377702
14.5148276,51.3371817
14.6674218,51.3903377
14.6132229,51.403875
14.5652749,51.5221119
14.6815924,51.4579421
14.5721869,51.4727528
14.627253,51.4904154
14.555709,51.426288
14.6762201,51.4736641
14.6869353,51.468145
14.614761,51.4250971
14.680171,51.4840433
14.570317,51.5154956
14.5611485,51.5245904
14.6430444,51.4852467
14.606786,51.4236885
14.6685513,51.4918321
14.5294035,51.4940657
14.6478053,51.4841776
14.6801653,51.4532681
14.6938317,51.5512503
14.6265697,51.5444149
14.629255,51.5483836
14.6354573,51.5459809
14.5171523,51.3667974
14.4999889,51.460002
14.5045092,51.4565214
14.6478322,51.5004927
14.48533,51.327044
14.5739132,51.4262974
14.5608233,51.3328591
14.565352,51.3299848
14.5548071,51.3348863
14.5589163,51.3318132
14.6170254,51.3033464
14.5538804,51.3305271
14.5613556,51.3360924
14.5515701,51.3349956
14.6058564,51.3253291
14.5995512,51.3243826
14.5945314,51.3227786
14.6076638,51.3248606
14.605264,51.3205906
14.608818,51.3122668
14.5737188,51.3238821
14.6103512,51.3189684
14.6104991,51.3065784
14.5964717,51.3169272
14.5980347,51.3261566
14.5619758,51.3229373
14.6490575,51.3273437
14.5618383,51.3224848
14.5595498,51.3294028
14.5641593,51.3193944
14.6434341,51.3248348
14.5636278,51.3241491
14.471371,51.3637213
14.5062093,51.407058
14.4897639,51.3867393
14.4867533,51.3749162
14.4677762,51.3485761
14.4957376,51.3937188
14.4875415,51.3803734
14.5028003,51.4022852
14.5004421,51.3955252
14.4689705,51.3561888
14.4823067,51.3669691
14.6456879,51.4108361
14.5548636,51.4069161
14.5608918,51.4036164
14.5605599,51.3678156
14.5530813,51.3650385
14.5648428,51.396975
14.5657374,51.3704974
14.566307,51.3848977
14.5686185,51.3907571
14.5671699,51.3790956
14.5670154,51.3956285
14.549837,51.4085564
14.5610398,51.375548
14.5568559,51.4066605
14.5568102,51.3677813
14.5734843,51.5548403
14.5512115,51.5571805
14.6418962,51.3699024
14.9031525,51.43584
14.5688144,51.4866809
14.752715,51.4330171
14.7401913,51.4207222
14.5899878,51.3782682
14.927655,51.4297942
14.6712438,51.4833676
14.6184109,51.3742665
14.8103985,51.4506687
14.5992847,51.5352661
14.6773155,51.4409289
14.6912774,51.3797712
14.7014283,51.4114639
14.8786038,51.4438966
14.6349965,51.3728894
14.5802271,51.493004
14.7470431,51.4292943
14.7755441,51.4387621
14.7438705,51.4256203
14.6080397,51.3685444
14.9470083,51.432443
14.6576318,51.471645
14.6144264,51.3719013
14.619226,51.5311713
14.6641683,51.4593044
14.6062523,51.5418167
14.5771819,51.391574
14.5856725,51.5550844
14.8403752,51.4473836
14.9072706,51.433864
14.6609333,51.520902
14.7184059,51.4490228
14.4974108,51.4699908
14.5956182,51.3769673
14.8240468,51.4480416
14.6119875,51.5330493
14.7058247,51.4430345
14.5714885,51.39385
14.5965654,51.5570032
14.7044649,51.4071952
14.8630323,51.4468875
14.5777204,51.4998351
14.599346,51.3710507
14.7889953,51.4436365
14.902221,51.4121179
14.5942805,51.5091363
14.554601,51.4792641
14.5635621,51.5518861
14.5564848,51.4848925
14.5232652,51.4737497
14.5942693,51.5345984
14.5678881,51.5552879
14.7336195,51.4101669
14.5405261,51.4796152
14.8696614,51.4467958
14.6294957,51.3741902
14.7357082,51.4341282
14.8058536,51.4494668
14.6101025,51.3690022
14.6031756,51.5380033
14.5812236,51.5539972
14.6569,51.5272056
14.5618709,51.4856674
14.5788305,51.5356448
14.8185748,51.4496447
14.6662923,51.4801366
14.6950434,51.4420236
14.6867627,51.5034168
14.8908243,51.439422
14.6828135,51.44107
14.5909843,51.5561411
14.9206277,51.4291452
14.511721,51.4720912
14.9515652,51.4328119
14.6075748,51.5340457
14.5689821,51.5497852
14.8963975,51.4375642
14.7065202,51.4047653
14.9122857,51.4322007
14.7370493,51.4154388
14.7997899,51.4471727
14.6233616,51.374793
14.6895141,51.4417032
14.5819032,51.4885381
14.7315471,51.4370879
14.5752586,51.506371
14.5174138,51.4729599
14.7267455,51.5306441
14.625319,51.5294693
14.8845042,51.4423898
14.5066232,51.4713739
14.5893546,51.5375945
14.6720513,51.4402384
14.8741445,51.4455256
14.6039724,51.3683423
14.6667405,51.4505457
14.6791405,51.5466136
14.6839041,51.5456239
14.6884755,51.540262
14.5410626,51.45777
14.6620159,51.3286794
14.5423623,51.4474899
14.5977511,51.4710995
14.6152475,51.4632517
14.5398567,51.5064315
14.5296649,51.4347144
14.5572731,51.5340046
14.6446688,51.333623
14.548761,51.4528483
14.6627622,51.343689
14.5345323,51.5322939
14.5298649,51.4421309
14.5507606,51.4626911
14.6403424,51.4580814
14.5331324,51.5224286
14.6224461,51.4625665
14.5958515,51.4767664
14.8611484,51.4263138
14.7840515,51.4745329
14.8797823,51.4216909
14.7020606,51.5000801
14.7667913,51.471487
14.7790595,51.4650908
14.8846233,51.419518
14.7833362,51.4589164
14.6351373,51.4985383
14.7227396,51.4982519
14.7169618,51.5009472
14.7246583,51.4995882
14.7327718,51.5056199
14.7397562,51.5094952
14.5893617,51.4078549
14.5839429,51.3867567
14.4856542,51.3408812
14.4900933,51.3481897
14.4944314,51.3464564
14.4889555,51.3484741
14.5849925,51.4101116
14.5864366,51.4145494
14.6048271,51.4003076
14.6135597,51.3977127
14.6112847,51.3922386
14.6094955,51.4001891
14.7052765,51.5671827
14.7004816,51.5666294
14.6685639,51.3794044
14.7273602,51.5256666
14.7586338,51.5150412
14.7667367,51.5145961
14.7597745,51.5062024
14.6510536,51.4955969
14.6104448,51.5457813
14.6191952,51.5444551
14.6725045,51.3760523
14.6714706,51.3851022
14.6755764,51.3804851
14.6899855,51.3817282
14.6621071,51.3735666
14.6676133,51.373622
14.6534461,51.3590998
14.6272351,51.3438574
14.6516951,51.3447864
14.6314351,51.3465768
14.6431287,51.3455839
14.6473456,51.3724396
14.657392,51.3292387
14.6591378,51.3686229
14.6552798,51.3650649
14.642281,51.3547977
14.621655,51.3470286
14.6593619,51.3615988
14.6560488,51.3709297
14.6268509,51.3581973
14.6624267,51.3307266
14.6541012,51.3583176
14.627123,51.3493751
14.6335851,51.3455898
14.6252181,51.3509265
14.6388385,51.3597647
14.63521,51.3463669
14.6418574,51.3409968
14.6117363,51.3496069
14.6163007,51.3824383
14.6250146,51.3797025
14.6233128,51.3635847
14.6215178,51.3723487
14.6346834,51.3647669
14.6261899,51.3774987
14.5726702,51.3538981
14.5821356,51.3513202
14.5700344,51.3618776
14.5755402,51.3596395
14.5650488,51.3614122
14.6013787,51.3825141
14.5715802,51.3637682
14.6031643,51.3737413
14.6063079,51.378908
14.6177504,51.3688353
14.597438,51.3648563
14.587021,51.3572526
14.6050458,51.3740326
14.5871803,51.3774742
14.5952281,51.3552702
14.5912593,51.3715549
14.6131511,51.3785639
14.5983903,51.3611464
14.5817394,51.364177
14.5932265,51.3640167
14.5764067,51.3707682
14.6137428,51.3726693
14.5939449,51.3827285
14.6090314,51.376737
14.6006261,51.3751527
14.5920801,51.370572
14.5736359,51.3799412
14.5692486,51.3645173
14.5884173,51.3666228
14.6122618,51.3847688
14.6290698,51.4100565
14.5970154,51.4022114
14.5952592,51.4098167
14.6276695,51.4048736
14.6064482,51.4077887
14.6169262,51.4077804
14.5909016,51.4026342
14.6169902,51.3999113
14.6218672,51.4050738
14.6144801,51.4063681
14.6057823,51.4014452
14.5971353,51.4026669
14.6047754,51.3881113
14.6152904,51.4012707
14.5796563,51.3999074
14.6253567,51.3898761
14.6463305,51.3816487
14.6321873,51.3872569
14.6351239,51.3944391
14.6256044,51.387624
14.637673,51.3815716
14.6310793,51.3897085
14.6383011,51.3863662
14.6189241,51.3863897
14.6412014,51.381381
14.6362522,51.3830976
14.6278019,51.3829698
14.5910498,51.4135566
14.6180698,51.3920323
14.6434279,51.397172
14.6225253,51.3957866
14.6309275,51.3979625
14.6336982,51.4039564
14.6259918,51.3911767
14.6125016,51.406061
14.6295616,51.3950309
14.5656629,51.4070927
14.5722451,51.4047775
14.5261787,51.406548
14.5301967,51.41202
14.5231553,51.4160613
14.5398867,51.4070141
14.533347,51.403586
14.5234386,51.4063478
14.5384721,51.4122412
14.5498721,51.4141612
14.534116,51.4150139
14.5661985,51.4020863
14.5569416,51.4012502
14.5509392,51.4061725
14.5269814,51.4131744
14.5620567,51.4063451
14.5291166,51.4016148
14.5453097,51.4050132
14.5433518,51.4134098
14.527598,51.4084639
14.5351012,51.4040336
14.5558757,51.3405704
14.5274353,51.3552457
14.6426811,51.3194582
14.5176227,51.3559607
14.5861398,51.3354183
14.5640372,51.3557538
14.5764782,51.3285325
14.6480064,51.3253402
14.5343643,51.3565226
14.607783,51.3312758
14.6100456,51.3377576
14.6404475,51.3251079
14.6457797,51.3212891
14.6028296,51.356265
14.6116271,51.3241553
14.6348337,51.3269674
14.5931057,51.3332691
14.5237408,51.3569403
14.5607837,51.3433764
14.6173455,51.3364877
14.516253,51.3574307
14.6391744,51.3229189
14.5740014,51.3471793
14.5939099,51.3436856
14.6415865,51.3276716
14.6052069,51.3272414
14.6199519,51.3274537
14.6305692,51.3212968
14.602484,51.3388087
14.5841901,51.3280041
14.636752,51.3277146
14.6270213,51.3252141
14.6085278,51.3207876
14.5673835,51.3518354
14.6265431,51.336027
14.5777109,51.3351242
14.5678255,51.3367944
14.5291244,51.3577431
14.631137,51.3233396
14.6436683,51.3269836
14.5542719,51.3315617
14.6482674,51.3230963
14.640885,51.317841
14.6021606,51.3333354
14.6253776,51.3240352
14.6137588,51.3293355
14.5832545,51.3341942
14.6076936,51.3299041
14.5808466,51.3278581
14.5878887,51.331006
14.6040114,51.3256657
14.5628245,51.3506891
14.572346,51.3309875
14.5148622,51.3619426
14.5631502,51.3387602
14.6336592,51.3220639
14.5688652,51.3484768
14.5251619,51.3520812
14.6311949,51.3260267
14.5583858,51.3372284
14.5876444,51.3369678
14.5972021,51.3394596
14.5791033,51.3283822
14.6261808,51.3221064
14.6123577,51.3233804
14.597613,51.3491965
14.5912418,51.3504836
14.5111414,51.3578526
14.6163509,51.3438541
14.4983322,51.3396939
14.499779,51.3653464
14.6236613,51.3404872
14.655446,51.3807243
14.6626002,51.37775
14.6577908,51.3849385
14.6642919,51.3727456
14.6596553,51.3785491
14.6716033,51.3763695
14.6636481,51.3822964
14.5779072,51.4050617
14.5731446,51.4049782
14.5806698,51.4052505
14.6321959,51.3243816
14.5636607,51.5589252
14.5446539,51.5521702
14.5338599,51.5536653
14.5572068,51.5482036
14.5490496,51.5559375
14.5546788,51.5600258
14.7162717,51.5856668
14.6963472,51.5618483
14.6863098,51.557602
14.7118726,51.58243
14.6127289,51.4492815
14.5930809,51.4542953
14.6520701,51.4437194
14.649323,51.4507641
14.6507617,51.4576362
14.6386335,51.439721
14.5840355,51.4569037
14.6187824,51.4501267
14.6075915,51.4517472
14.6282296,51.4373682
14.6458899,51.4548262
14.6333772,51.4522918
14.6470382,51.4418834
14.5742475,51.460527
14.6530684,51.4598781
14.5689551,51.4614207
14.6546554,51.4828139
14.6599101,51.4843196
14.6531449,51.4855386
14.6618971,51.4856166
14.6465522,51.4898752
14.6713495,51.4765518
14.6655962,51.478846
14.5677834,51.5447972
14.5427892,51.3595953
14.6627635,51.4059115
14.6503895,51.4062002
14.6563491,51.4063699
14.6330542,51.4123354
14.5938883,51.4188334
14.5666997,51.4260604
14.6818275,51.4063632
14.6993304,51.4067195
14.5868149,51.4194563
14.6736121,51.3994481
14.5864397,51.4027967
14.5232678,51.4111753
14.8874313,51.4343954
14.8654721,51.4284967
14.870343,51.4309583
14.9041446,51.4260324
14.8746989,51.4328178
14.9079797,51.4178862
14.9017524,51.4279919
14.8984525,51.4313463
14.8820374,51.4371519
14.8932168,51.4331389
14.8853526,51.4336272
14.8776064,51.4271722
14.8137591,51.4532138
14.8737293,51.4406751
14.8820757,51.4240523
14.8286936,51.4554602
14.8673994,51.444273
14.842684,51.4511813
14.8091242,51.4526789
14.8580477,51.4439064
14.9386389,51.4322843
14.9153189,51.4287182
14.9229945,51.4298492
14.9055342,51.4284239
14.7248392,51.4312601
14.7268722,51.4385538
14.7260837,51.4264438
14.8866943,51.4200648
14.8978094,51.4178301
14.8254971,51.4792079
14.8190598,51.4878668
14.9301858,51.4469269
14.8870237,51.4267823
14.9255188,51.4461111
14.9117966,51.4410891
14.8927207,51.4277924
14.8728831,51.4238789
14.9025805,51.4391296
14.9174078,51.4437439
14.9073549,51.4394239
14.9377067,51.4480168
14.8612555,51.4339728
14.8669375,51.4314598
14.943329,51.4504089
14.661686,51.3989016
14.6685525,51.3970459
14.6687403,51.3921979
14.6596722,51.4014374
14.6652909,51.3990322
14.6548184,51.399407
14.668851,51.3945603
14.66647,51.4031553
14.6598192,51.3987644
14.6857186,51.3757859
14.6643255,51.4220227
14.6378234,51.4266174
14.6835648,51.4306604
14.7307258,51.4318926
14.7220716,51.4397728
14.7541176,51.4344596
14.748635,51.434893
14.5386812,51.3964576
14.4539583,51.5469142
14.8508502,51.4330612
14.8919148,51.420448
14.5333695,51.3941245
14.5152125,51.4126663
14.6790766,51.5053637
14.6981321,51.5054744
14.6840188,51.5056469
14.705554,51.5065179
14.8859049,51.4297752
14.9268569,51.4252906
14.8798646,51.423681
14.9326959,51.4194668
14.9285224,51.4185301
14.933801,51.4226514
14.9038139,51.4334615
14.8969474,51.4339966
14.9021402,51.4343845
14.9519921,51.4422054
14.9466218,51.4435022
14.9195852,51.4339564
14.9122038,51.4361502
14.9283829,51.4423564
14.9328473,51.4407642
14.9260955,51.4371392
14.9505272,51.4371936
14.6559265,51.423436
14.6495106,51.4177357
14.6430304,51.4220043
14.6372988,51.4207657
14.653888,51.4157017
14.6479871,51.422098
14.6474292,51.4155678
14.6604541,51.4304199
14.6591022,51.4197028
14.6414855,51.4230079
14.6574714,51.4254698
14.6824061,51.4187377
14.7131635,51.4298822
14.7213543,51.4257135
14.6499713,51.5094336
14.7136722,51.5330847
14.5550605,51.5709618
14.5759231,51.3948228
14.5226861,51.3645198
14.6114006,51.3991425
14.6410198,51.4021021
14.7075315,51.5188078
14.7119699,51.5203468
14.7054315,51.5204432
14.7100043,51.5279379
14.7017548,51.5252992
14.5627146,51.3495557
14.7158959,51.5335873
14.7243965,51.516314
14.7370252,51.5234211
14.7078364,51.5163807
14.6931349,51.5237274
14.7036446,51.5295593
14.6946918,51.530965
14.7204147,51.5080016
14.7147803,51.5092251
14.6634214,51.393101
14.6822273,51.3843827
14.6671335,51.3904767
14.6627444,51.3936734
14.6681635,51.3955243
14.6598379,51.3932617
14.6893033,51.3883206
14.7595583,51.4994164
14.869263,51.4489534
14.8791335,51.4504444
14.8875342,51.4515676
14.8742626,51.4501836
14.8948298,51.4523566
14.9006663,51.4532458
14.8635124,51.4480106
14.8848735,51.4514874
14.9264799,51.4580793
14.8925124,51.4747553
14.9025653,51.4742007
14.9083752,51.47187
14.9066959,51.4540949
14.8997985,51.4785888
14.9186586,51.4686604
14.919172,51.4391351
14.9232826,51.4512123
14.8916755,51.4567824
14.9353541,51.4323711
14.9102794,51.4481042
14.9126396,51.4736944
14.9165879,51.451006
14.923987,51.4458651
14.9044465,51.4724361
14.9240839,51.4524911
14.9310897,51.4338777
14.8888549,51.4438129
14.9098824,51.4731983
14.894508,51.4617024
14.8794715,51.4476204
14.8904739,51.449067
14.8968254,51.4495083
14.8572574,51.4316726
14.8532701,51.4402382
14.8593067,51.4379463
14.8684047,51.4388224
14.8546289,51.4356389
14.8518501,51.4398457
14.8643385,51.442213
14.858738,51.4386887
14.8527084,51.4417048
14.4756443,51.5074049
14.5386677,51.4265784
14.5423686,51.4232492
14.5217908,51.4181142
14.5293912,51.4249987
14.5383351,51.4204235
14.5453995,51.4217372
14.532423,51.4210682
14.5288825,51.4169199
14.5158261,51.418728
14.5575755,51.5287867
14.5622387,51.5294389
14.6592729,51.4790914
14.7104104,51.4958428
14.7244702,51.4874808
14.7145776,51.4883211
14.7230863,51.4928697
14.7190451,51.4960707
14.7266675,51.4968853
14.7183496,51.4909425
14.7310128,51.5006916
14.7361052,51.5014169
14.7252495,51.5015882
14.7304888,51.5027477
14.7446649,51.5035227
14.7358714,51.5063194
14.7536074,51.4582951
14.9409913,51.4612879
14.9348924,51.4636466
14.8550457,51.4783385
14.8647162,51.4785675
14.8725648,51.4785993
14.848809,51.4806095
14.8442236,51.4806649
14.7881383,51.4836416
14.7960662,51.4864915
14.8110253,51.4904311
14.726975,51.4828643
14.7915742,51.4886794
14.7949521,51.4937042
14.7857353,51.4950246
14.7713909,51.4968406
14.8061906,51.4978438
14.7881752,51.4992501
14.7813319,51.5000837
14.8029858,51.5020202
14.7557938,51.5027837
14.7695025,51.5028728
14.7493216,51.5033713
14.788047,51.5040257
14.7978543,51.5042624
14.7430017,51.5048166
14.7825191,51.5051182
14.7491384,51.5075114
14.7219401,51.4638967
14.7170727,51.4672224
14.7207669,51.4708892
14.7209322,51.4608038
14.7146361,51.4637064
14.7266552,51.4641805
14.6982064,51.4678422
14.7037533,51.46287
14.7045228,51.4702653
14.709348,51.4729001
14.7174983,51.4747499
14.6957602,51.4768699
14.7110422,51.4780274
14.7032575,51.4796673
14.69376,51.4833121
14.7115555,51.4837649
14.7150321,51.4691115
14.6991701,51.4966422
14.6957586,51.4885303
14.7086188,51.4722471
14.6747501,51.4955148
14.6708578,51.4985621
14.6777421,51.5002686
14.6636965,51.5012578
14.6699289,51.5015226
14.6958034,51.5031027
14.6644305,51.5030867
14.6735843,51.5060428
14.6555598,51.508083
14.6885074,51.5100497
14.6597986,51.5135616
14.6996948,51.5207082
14.7231589,51.5012276
14.7463666,51.5114301
14.7498293,51.516883
14.729807,51.5201476
14.6425581,51.5150803
14.6244105,51.5209369
14.6193777,51.521156
14.6729674,51.5243068
14.6649478,51.5251215
14.6683187,51.5290087
14.6023368,51.5323454
14.6297561,51.5336231
14.6232905,51.5338079
14.6190245,51.5355481
14.614196,51.5365327
14.596982,51.5376216
14.6551005,51.5165077
14.6595654,51.519478
14.654824,51.5208621
14.6131422,51.5220316
14.6275008,51.5222571
14.6338271,51.523741
14.6285144,51.5246196
14.6166726,51.5254326
14.6214412,51.5256564
14.6338661,51.5259595
14.6166727,51.5262124
14.6075832,51.5265686
14.622395,51.5277823
14.6128453,51.5280798
14.6073294,51.5282154
14.6172479,51.5289591
14.6270677,51.5290478
14.6123761,51.5298899
14.6072294,51.5305027
14.6242675,51.5478648
14.5412042,51.5461663
14.5513157,51.5477794
14.5258378,51.5479007
14.5622515,51.547938
14.518661,51.5494092
14.5114688,51.5509489
14.5727348,51.5405799
14.5826338,51.541743
14.5708427,51.5634454
14.5678807,51.5694692
14.5692819,51.5741972
14.5789142,51.5480298
14.5861077,51.5473193
14.5893889,51.5506831
14.6133308,51.5125517
14.4649413,51.5122146
14.4500551,51.5128541
14.4713127,51.5154005
14.4460377,51.5172562
14.461077,51.5211272
14.4478584,51.5221733
14.4565506,51.5306155
14.462907,51.5309281
14.4557427,51.5323936
14.4615813,51.5340461
14.4544602,51.5389758
14.4640151,51.5402438
14.4577824,51.5431434
14.4670163,51.5440039
14.4621599,51.5457835
14.4978032,51.5181299
14.5008127,51.5219488
14.4751827,51.522409
14.4954389,51.5228557
14.4537761,51.5247987
14.484995,51.5325373
14.4906913,51.5328456
14.4972157,51.5337612
14.5109439,51.5350479
14.5038922,51.5359089
14.4784771,51.5365211
14.4832895,51.5372393
14.4881871,51.537617
14.50041,51.5393839
14.5059323,51.5397116
14.7267401,51.4563152
14.6335404,51.4939789
14.7047341,51.5225096
14.7170872,51.5733626
14.7205108,51.5784145
14.7213085,51.5836459
14.7180189,51.5736963
14.5105966,51.3628562
14.4753567,51.3661146
14.5139316,51.4174778
14.7155931,51.5225275
14.5535836,51.3492757
14.5492537,51.3514261
14.543028,51.3523562
14.5177201,51.3620992
14.52729,51.3635533
14.6753212,51.4457633
14.6019446,51.4211032
14.60762,51.423582
14.6167945,51.4251618
14.6471345,51.4282665
14.6667592,51.4342333
14.6040114,51.4344973
14.5738177,51.3995504
14.5692702,51.3997178
14.5762255,51.4052563
14.5843903,51.4082275
14.5544046,51.410906
14.5294309,51.4290291
14.5170594,51.4009239
14.5235396,51.4047924
14.5264746,51.4230357
14.5152418,51.4393197
14.492946,51.3995396
14.4974798,51.402347
14.5156017,51.3573507
14.514024,51.3669256
14.4960152,51.3518957
14.4878188,51.3538706
14.4823778,51.3547895
14.5109212,51.3562231
14.4992787,51.3579129
14.5046366,51.3588011
14.5096232,51.3608427
14.4866951,51.3629457
14.5056417,51.3640856
14.537827,51.4151086
14.5331117,51.4214104
14.5669386,51.5636588
14.702251,51.5461645
14.7072382,51.5467061
14.7136786,51.5489058
14.7253948,51.5453912
14.5573369,51.3604597
14.6905686,51.5343194
14.6401472,51.508427
14.6466197,51.5144253
14.5909738,51.5252867
14.6034954,51.5266378
14.5956876,51.5269288
14.7704163,51.4481767
14.7247857,51.4732734
14.7330393,51.4545191
14.7397464,51.4584016
14.7310216,51.4592847
14.735792,51.4607659
14.7641965,51.4657784
14.5236005,51.5530088
14.525155,51.554795
14.5271456,51.5571993
14.5009325,51.55833
14.5248822,51.5523124
14.5882385,51.5422955
14.64237,51.5371756
14.6551829,51.5359115
14.662885,51.5329402
14.6621327,51.5194579
14.6080357,51.5404513
14.6174096,51.5416568
14.6006216,51.54718
14.624453,51.542057
14.6004382,51.5535033
14.5943849,51.5486699
14.6193363,51.5456757
14.6057399,51.5506729
14.6004058,51.5479251
14.6169013,51.5413377
14.6238956,51.542128
14.5930345,51.54009
14.6138558,51.542115
14.6060524,51.5427208
14.6077768,51.5512692
14.7608224,51.5220625
14.7562811,51.5213658
14.8017952,51.5083269
14.7978371,51.5148808
14.8044657,51.5141508
14.799777,51.5146235
14.7044756,51.5539587
14.5690684,51.3544636
14.6163466,51.5041819
14.6511072,51.5060482
14.6274226,51.5106443
14.5814067,51.5230991
14.6655898,51.5400198
14.6591644,51.5458871
14.6794378,51.5497961
14.5802082,51.5641428
14.5207934,51.5011042
14.5230327,51.5086258
14.5562804,51.5204509
14.5246536,51.5218917
14.508939,51.5234076
14.5145819,51.5269381
14.5192582,51.5273903
14.5192924,51.5357337
14.5148166,51.5386074
14.524831,51.5417871
14.7324924,51.4643043
14.6490131,51.4944768
14.6613079,51.4973683
14.6486007,51.5002257
14.6441052,51.5007642
14.6240285,51.52378
14.6195996,51.5246233
14.6217596,51.5024146
14.6136402,51.5041089
14.6391899,51.5033923
14.6056004,51.3522383
14.6518692,51.376936
14.6668578,51.3773973
14.6156514,51.3804046
14.6233719,51.3889515
14.5831259,51.3992076
14.6254883,51.4103191
14.6589695,51.415887
14.5455487,51.4121799
14.5640773,51.412774
14.5738426,51.4141844
14.5525687,51.4154195
14.5812799,51.4160243
14.5709291,51.4224273
14.5505597,51.4237748
14.5455887,51.4246473
14.7081058,51.5380302
14.5584079,51.4739173
14.5516579,51.4779828
14.4950544,51.5038442
14.4810659,51.5103407
14.4895537,51.5110892
14.4827117,51.5129751
14.4670919,51.552488
14.5722798,51.3683165
14.5100156,51.3751032
14.5126557,51.3808918
14.5791006,51.3840902
14.6793431,51.3888034
14.6469262,51.4018787
14.658179,51.4043272
14.527121,51.4799702
14.5142203,51.4841747
14.5065593,51.4896166
14.5075835,51.4944899
14.6279826,51.4986394
14.6324384,51.5004574
14.9049549,51.4802166
14.8298348,51.4989924
14.8235158,51.4992589
14.9386687,51.4666296
14.9151431,51.4724166
14.876899,51.4805696
14.8513766,51.4816924
14.8028454,51.4855874
14.7996687,51.4889998
14.5389024,51.3893435
14.5287885,51.3946038
14.5525269,51.3991317
14.5496532,51.4053405
14.5188913,51.4002411
14.5244244,51.4002694
14.5624105,51.3602823
14.5081998,51.3708642
14.5169839,51.3825986
14.5896128,51.3988841
14.5883798,51.4033831
14.5648431,51.4050567
14.583976,51.4058535
14.5188148,51.3687208
14.5092027,51.406564
14.5684693,51.5320382
14.5614153,51.5330473
14.5468938,51.5331022
14.5729768,51.5332904
14.5510517,51.5358212
14.5594308,51.5382268
14.5546974,51.5402778
14.5600605,51.5420384
14.5760681,51.4004146
14.626304,51.5017365
14.6522713,51.5413485
14.6427185,51.5476062
14.637868,51.5372976
14.6389564,51.5424728
14.6350871,51.5234803
14.4936016,51.3418759
14.4892863,51.3449358
14.4915634,51.3498157
14.474895,51.3518659
14.4798627,51.3519666
14.4736853,51.3540819
14.477617,51.3584439
14.5542387,51.5441851
14.5318767,51.5534679
14.5027048,51.3468688
14.5225062,51.347128
14.6342527,51.5105621
14.6404861,51.5106957
14.6333986,51.5099892
14.4620589,51.5550741
14.5263693,51.5578999
14.5283568,51.5480167
14.5367379,51.5476756
14.5331897,51.5516729
14.5449737,51.5478146
14.5583588,51.5679086
14.543614,51.5570268
14.5688578,51.5789367
14.554099,51.5695603
14.5590237,51.5669385
14.5518859,51.5685615
14.5581806,51.5532675
14.5654744,51.5755532
14.5527885,51.5602053
14.5702193,51.5705698
14.5701666,51.5767247
14.5847805,51.5669862
14.5964015,51.5690941
14.5947948,51.559783
14.5809079,51.5698189
14.5908769,51.5661293
14.570721,51.5662124
14.5631402,51.5703083
14.5664661,51.5636593
14.5688701,51.569467
14.5674343,51.5620876
14.5953262,51.5537072
14.519467,51.406948
14.5822038,51.5420173
14.5826567,51.5365676
14.5919052,51.5303694
14.5966444,51.5295681
14.577506,51.5416644
14.5873873,51.5356518
14.569041,51.5463484
14.5957343,51.5361924
14.6501467,51.5460283
14.6593844,51.5517788
14.5816849,51.5615182
14.6736975,51.547516
14.689144,51.5499728
14.683883,51.5485512
14.6655254,51.5502514
14.6996425,51.5566873
14.7020673,51.5513322
14.7082705,51.5623813
14.7115217,51.570098
14.705957,51.5814633
14.7087836,51.5743221
14.7092079,51.5671271
14.7045349,51.5566956
14.6974441,51.5713315
14.6711252,51.5401234
14.6614305,51.5380834
14.7067665,51.5517324
14.696778,51.5431324
14.4643197,51.5526937
14.6806736,51.5342974
14.6877246,51.5379372
14.7035301,51.5412479
14.6526312,51.5336188
14.6977324,51.5365995
14.6923251,51.5392554
14.6889874,51.5282329
14.6355246,51.5349234
14.6663772,51.540779
14.6585674,51.5430823
14.635157,51.5499878
14.4684201,51.5505449
14.5876068,51.5603242
14.6000415,51.5603342
14.508437,51.5004407
14.5181305,51.4953999
14.5248853,51.4919045
14.5116681,51.4421886
14.4970822,51.4537328
14.4915569,51.4575301
14.4995069,51.4520215
14.4633629,51.5528766
14.4718154,51.5099841
14.4889493,51.5220152
14.4779871,51.511781
14.4891103,51.5129889
14.4860311,51.5175691
14.4808383,51.5165609
14.4733276,51.5192381
14.4788025,51.5290698
14.4739361,51.5247558
14.5420901,51.5358982
14.5252029,51.5302251
14.516953,51.5312531
14.5105486,51.5367579
14.5184183,51.5266426
14.5138034,51.5237534
14.5185022,51.5162913
14.5277126,51.5148256
14.4982534,51.5280081
14.5044632,51.5254736
14.456957,51.5119407
14.4892068,51.506799
14.5159216,51.4993125
14.5059105,51.5045789
14.5069094,51.4992591
14.509141,51.5086688
14.5012446,51.5014297
14.5053798,51.5035059
14.5157703,51.508993
14.4835527,51.5079235
14.5102353,51.5059576
14.5165546,51.4969214
14.5004399,51.5056771
14.5068332,51.5098677
14.5159002,51.5040543
14.5113027,51.511205
14.5063565,51.503605
14.5165597,51.5115741
14.4854278,51.4774083
14.5028135,51.5154456
14.5115818,51.5312432
14.4854185,51.4848206
14.5382662,51.5183664
14.4795294,51.4865406
14.479582,51.501794
14.4927259,51.4784296
14.4869323,51.4899607
14.4882412,51.4972487
14.4944425,51.4830734
14.4852801,51.5024382
14.4897754,51.4712125
14.4560372,51.5174556
14.4591806,51.521058
14.4509751,51.5196564
14.5871743,51.5152804
14.6009063,51.5135152
14.5707228,51.5218556
14.5992067,51.5069238
14.6041078,51.5033791
14.5922814,51.5217674
14.5533013,51.4987797
14.5575504,51.5250462
14.5984696,51.5232172
14.5520465,51.5298518
14.5713512,51.5275527
14.5526182,51.5246323
14.5896934,51.5256388
14.4928517,51.3307847
14.4992234,51.4641289
14.5016027,51.4744469
14.4932118,51.4903719
14.4936212,51.4970274
14.6138292,51.5334503
14.6092639,51.5353321
14.4743639,51.4839822
14.491162,51.5478626
14.4916521,51.4647144
14.5083326,51.4492768
14.4986069,51.4569489
14.4782641,51.4759149
14.5218499,51.441774
14.61246,51.3308478
14.6170013,51.3311404
14.6068116,51.3319174
14.573484,51.3394974
14.6170376,51.3395267
14.5912665,51.340807
14.6072783,51.3456513
14.7027559,51.535503
14.7040299,51.5413269
14.7122029,51.5464938
14.7058353,51.5483484
14.7008408,51.5497331
14.7054019,51.5504289
14.9292977,51.468249
14.9345308,51.4709288
14.9062781,51.478477
14.9519723,51.4534228
14.9485875,51.4586848
14.9405266,51.4695448
14.9136026,51.4773734
14.8472831,51.4843071
14.8263498,51.4949704
14.8300298,51.5027772
14.8092829,51.4890057
14.8048601,51.4912623
14.7981084,51.4972048
14.8244271,51.457073
14.8189801,51.4619841
14.8205237,51.4666322
14.8146803,51.4679712
14.8184619,51.4726022
14.8066413,51.4768386
14.8164516,51.4781146
14.8022188,51.4794068
14.7967237,51.4794916
14.8108749,51.4800526
14.8343571,51.4803208
14.8413421,51.4806102
14.8021033,51.4824761
14.8250178,51.484405
14.8140495,51.484557
14.83058,51.4852656
14.8463436,51.4826323
14.6042397,51.4391381
14.6279248,51.496237
14.6376002,51.4966247
14.6325778,51.4983839
14.6186071,51.4985181
14.5810997,51.3974369
14.5705598,51.4177329
14.5652147,51.4183798
14.5720943,51.4190355
14.5591963,51.4145902
14.5548029,51.4101831
14.5707563,51.4107278
14.5605715,51.4124387
14.5470339,51.4774616
14.5369442,51.4917163
14.5933782,51.5023367
14.7763185,51.471382
14.7714852,51.4736017
14.7588451,51.4739075
14.7766426,51.4755067
14.7679672,51.4763909
14.7846406,51.4795617
14.7877795,51.4830937
14.7981781,51.4734329
14.7928979,51.4746612
14.7951387,51.4787315
14.7949326,51.4847396
14.8272801,51.4887723
14.5456677,51.4141183
14.5397459,51.4035508
14.8089884,51.4584008
14.8453814,51.4592538
14.8616969,51.4616048
14.7894328,51.4659422
14.7752031,51.4675314
14.7699267,51.4681853
14.7827882,51.4689987
14.7761366,51.4691743
14.89284,51.4695178
14.8098359,51.4714216
14.8128032,51.5003922
14.7603157,51.5005361
14.7137845,51.5179261
14.7211626,51.5224309
14.6019611,51.4298787
14.5877219,51.4322283
14.5959825,51.433474
14.63292,51.4344475
14.6376192,51.4341499
14.6199864,51.4338823
14.6431714,51.4348354
14.6509893,51.4359753
14.8062433,51.4881531
14.8022204,51.4904843
14.5686273,51.5732223
14.7296679,51.4445377
14.73611,51.4448202
14.7770083,51.448064
14.7390955,51.4486748
14.7858217,51.4493489
14.7311198,51.4496704
14.7466751,51.4496723
14.7539235,51.4505666
14.7966735,51.4510002
14.7663897,51.4534042
14.789844,51.4560343
14.7103114,51.4569473
14.7969306,51.4573667
14.7639473,51.4591267
14.7067699,51.4601225
14.7773687,51.4605166
14.7719435,51.4609357
14.7510948,51.463005
14.769476,51.4651482
14.7744453,51.4676685
14.944131,51.455126
14.9394895,51.4559969
14.931924,51.4622509
14.9242762,51.466626
14.7585948,51.4389493
14.7636372,51.4396473
14.7687295,51.439872
14.7644524,51.4417917
14.7544445,51.4434276
14.7698446,51.4439662
14.7601171,51.4450987
14.7136326,51.4390248
14.7189658,51.4437923
14.7132534,51.4509699
14.6971845,51.4618038
14.7008748,51.4649548
14.6928302,51.4659413
14.5662072,51.3569755
14.5703059,51.3594257
14.5780375,51.530615
14.5631071,51.5246212
14.5826698,51.3595555
14.5884921,51.3601964
14.5817166,51.3612079
14.5982323,51.3617166
14.5920113,51.3607219
14.6575203,51.3473055
14.6482575,51.3488012
14.6299847,51.3506321
14.6367873,51.3509004
14.6540344,51.3513524
14.643631,51.3517796
14.6587842,51.352239
14.6524178,51.3526224
14.6232689,51.3527565
14.6578938,51.3539553
14.6323666,51.3546646
14.6269485,51.3562352
14.6580256,51.3472613
14.6612051,51.3731611
14.7207883,51.4366428
14.6416591,51.3794955
14.6521702,51.3822205
14.6230725,51.3833882
14.6593136,51.3862821
14.6410788,51.386382
14.6669369,51.3872799
14.6466338,51.3905312
14.6511298,51.3920335
14.6407714,51.3926347
14.6462811,51.3936574
14.6521746,51.3946224
14.6881486,51.379704
14.6666226,51.3823877
14.6913953,51.3834548
14.6770613,51.3842986
14.6843379,51.3882435
14.6722509,51.3886859
14.6541469,51.3895379
14.6745727,51.4090881
14.5636825,51.4297432
14.5681758,51.4303904
14.5733726,51.43116
14.5634029,51.43189
14.5685247,51.4323553
14.5821202,51.4326002
14.5618887,51.4345639
14.6024248,51.4348196
14.5867304,51.435286
14.5753052,51.4357858
14.5809983,51.4371964
14.5705359,51.4387002
14.5860213,51.4381702
14.6159032,51.4389995
14.6602613,51.4392776
14.5800918,51.4393638
14.5863405,51.4392445
14.5959057,51.4397584
14.6557052,51.4397947
14.5638603,51.4403134
14.5813805,51.4408832
14.5592257,51.4414579
14.6088804,51.4414315
14.5892322,51.4415356
14.621745,51.441758
14.6319267,51.4419419
14.6941513,51.4422314
14.6156634,51.442323
14.5689353,51.4428476
14.5957221,51.4428476
14.5906837,51.443284
14.6260554,51.4435142
14.6088605,51.4437734
14.5861449,51.4437253
14.5809841,51.4437878
14.6365004,51.4439193
14.6019638,51.4442178
14.5744928,51.4442901
14.5635838,51.4447516
14.6316682,51.4455179
14.5580809,51.4463269
14.5952674,51.4467257
14.586985,51.4475606
14.5667694,51.4487234
14.6266505,51.4489839
14.6003542,51.4488658
14.5713055,51.4490758
14.6605727,51.4503806
14.6408022,51.4498865
14.6125323,51.4503106
14.5756654,51.4512093
14.7237005,51.4518272
14.5652463,51.4537701
14.553845,51.4552422
14.5595751,51.4565062
14.5463031,51.4570655
14.5520359,51.4578588
14.5316001,51.4575958
14.5664832,51.4232978
14.5873778,51.4254034
14.570937,51.4261744
14.5772267,51.4269241
14.564222,51.4283388
14.5688009,51.4287751
14.5561534,51.4286494
14.5888138,51.4304735
14.5834412,51.4305331
14.6080242,51.4328772
14.5902861,51.4335078
14.5559574,51.4347917
14.5799402,51.4355104
14.627578,51.4358827
14.5939523,51.4368457
14.6402946,51.4389518
14.586015,51.4424858
14.6581051,51.443872
14.564548,51.4445159
14.663787,51.4469534
14.5527374,51.4484538
14.6363326,51.4491975
14.6553684,51.4525182
14.6218683,51.4536668
14.6307978,51.4538587
14.6348035,51.4586701
14.6403764,51.4621887
14.5682153,51.4703097
14.5643905,51.4676895
14.5538899,51.470072
14.5492227,51.4718364
14.5636106,51.5146098
14.7807681,51.442637
14.7246918,51.465385
14.649153,51.3862561
14.6631257,51.3876038
14.6688875,51.3722421
14.6585051,51.3640395
14.6579947,51.3726634
14.5614714,51.4261799
14.5560888,51.4315602
14.545699,51.4349595
14.5515797,51.4380066
14.5507275,51.4434557
14.5985187,51.3515016
14.5975019,51.3564838
14.5795346,51.3418354
14.5876466,51.3443782
14.5731138,51.3533716
14.598166,51.3419235
14.6026773,51.3493881
14.6076546,51.3519247
14.612157,51.3565177
14.5934969,51.3451099
14.4986131,51.3321391
14.7153153,51.5510169
14.7612598,51.4857635
14.7189195,51.4970514
14.7648444,51.5042124
14.7539173,51.5076778
14.7605464,51.5012054
14.768811,51.5086191
14.7590304,51.5082591
14.7639148,51.5113064
14.7544365,51.5114927
14.7591028,51.5140361
14.6473189,51.4091512
14.6646714,51.4091662
14.6804031,51.4121138
14.6694411,51.4094436
14.627191,51.4035095
14.6875507,51.4136552
14.6374585,51.4049451
14.4981054,51.3397866
14.4977292,51.355281
14.4851878,51.3242384
14.4769016,51.3252942
14.4819991,51.3333926
14.763041,51.5170797
14.4684913,51.3615332
14.6187385,51.3146355
14.6263352,51.3153233
14.6320818,51.3179929
14.6276886,51.3210288
14.7227536,51.4945052
14.6026641,51.3206694
14.6377567,51.3357988
14.7215873,51.4883939
14.7216889,51.4814811
14.7165749,51.4877156
14.7153616,51.4942651
14.7077357,51.4919726
14.7058426,51.49838
14.737123,51.4996757
14.734766,51.5055213
14.83095,51.495883
14.7416324,51.499227
14.7468794,51.4901773
14.5451712,51.3925371
14.4964316,51.345214
14.4930538,51.3483524
14.4826766,51.3579704
14.5148707,51.3294043
14.5080498,51.330767
14.5141738,51.3313905
14.8613761,51.4701839
14.8614987,51.4750634
14.8648479,51.4809933
14.8707137,51.4838147
14.8392144,51.4843667
14.8590441,51.485242
14.8545185,51.4866023
14.7437557,51.520573
14.7325493,51.5242601
14.7428206,51.5154964
14.7251578,51.5300695
14.7297884,51.5300709
14.7174148,51.5383419
14.727037,51.5225251
14.719355,51.5162888
14.7178032,51.5225986
14.4730279,51.4754876
14.5623049,51.3583391
14.6985494,51.5917388
14.4965347,51.3269569
14.5017421,51.3278174
14.5063319,51.3292207
14.5807689,51.5134779
14.5907292,51.5149446
14.5748029,51.5188526
14.9596371,51.4325434
14.9714037,51.4403177
14.9615826,51.4445815
14.9578347,51.4496099
14.708668,51.5599467
14.4725269,51.5415746
14.4783821,51.542452
14.5025864,51.5440409
14.5080195,51.544151
14.4983733,51.5476846
14.4890501,51.5486206
14.4810875,51.5554509
14.4859123,51.5571137
14.6249902,51.5079773
14.708309,51.5132661
14.7247766,51.5331546
14.7008994,51.515621
14.6961679,51.5151069
14.5767711,51.4440371
14.8967853,51.4121454
14.474452,51.5533056
14.7510211,51.5220355
14.6183481,51.5113571
14.609273,51.5184911
14.4664934,51.5281916
14.5237337,51.5296246
14.7286386,51.5336762
14.5159824,51.4401797
14.5317591,51.4350193
14.5272309,51.4372936
14.5196279,51.4472358
14.5169268,51.4178864
14.5154685,51.422392
14.5196999,51.4269108
14.9614702,51.4333482
14.9560208,51.4615757
14.9077475,51.4838901
14.8960567,51.4824024
14.8768841,51.4856871
14.5270008,51.4495667
14.5315942,51.4527017
14.5375036,51.4546993
14.523811,51.4557558
14.5444462,51.4584833
14.5221803,51.4602574
14.504088,51.4634136
14.5111037,51.4637384
14.5294444,51.4639806
14.5459205,51.4663942
14.5197458,51.4670097
14.5341297,51.468264
14.5025175,51.4683672
14.5397898,51.4685948
14.4975396,51.4719848
14.5290226,51.4724518
14.5222586,51.4747985
14.5167044,51.4759759
14.512214,51.476317
14.5076099,51.477202
14.5035399,51.479574
14.4959263,51.4887149
14.498579,51.4988664
14.5271552,51.4320686
14.5264342,51.4419864
14.5265268,51.447511
14.5156383,51.45005
14.5144498,51.4550154
14.5094752,51.4554417
14.502232,51.4614424
14.5039685,51.4976905
14.5112016,51.4968443
14.4987075,51.5046474
14.5459625,51.5699747
14.7299436,51.5476309
14.7229813,51.5486365
14.6053894,51.5090601
14.5999361,51.5149346
14.5947989,51.5262366
14.6011701,51.5091503
14.5659281,51.5200641
14.5748701,51.5241709
14.6147181,51.518084
14.6084576,51.5193405
14.6164714,51.5194274
14.6084265,51.5068291
14.6081003,51.5132535
14.6242412,51.522312
14.6230545,51.5344035
14.603911,51.5151296
14.598105,51.5108005
14.6139573,51.4991522
14.6219739,51.5161019
14.6126542,51.5134155
14.6052094,51.5137195
14.6169582,51.5224305
14.6118163,51.5266009
14.6165767,51.516645
14.6437529,51.4912387
14.6664604,51.3777477
14.6808962,51.3794125
14.6057561,51.3575364
14.6186575,51.3641961
14.4797002,51.3629294
14.5016465,51.3666136
14.6275876,51.5081833
14.6079517,51.5088223
14.611711,51.5039154
14.6198675,51.5043515
14.9463417,51.4693741
14.6237708,51.5147037
14.6303614,51.5148496
14.6354183,51.5119064
14.6416805,51.512713
14.6265143,51.5188641
14.5949328,51.3289244
14.7129388,51.5525502
14.6916531,51.5170441
14.6402118,51.5337707
14.639923,51.5384133
14.8120412,51.4951632
14.7223025,51.520261
14.5714555,51.5804789
14.7190477,51.5158743
14.789733,51.4913836
14.6497124,51.4897625
14.6664122,51.4920196
14.6615969,51.4927498
14.6427938,51.4939763
14.6504872,51.4982136
14.6440138,51.4986316
14.6518614,51.4999762
14.5742212,51.3375157
14.6158588,51.500868
14.9181705,51.478311
14.9544587,51.4572054
14.5633604,51.5242018
14.4688162,51.5441889
14.6700114,51.5346412
14.8173185,51.5040136
14.7522683,51.5137708
14.7617199,51.5192568
14.4890338,51.3933377
14.4857561,51.3889744
14.4923651,51.387108
14.5041561,51.3985791
14.4925368,51.4023843
14.5146918,51.4013168
14.5065891,51.4029775
14.5034534,51.4076382
14.5085017,51.4009167
14.4970751,51.4016682
14.6052003,51.414126
14.6275431,51.4193918
14.6213847,51.4237974
14.6188044,51.4187997
14.5917315,51.42343
14.6351088,51.4196533
14.6345597,51.412955
14.6088213,51.4173846
14.6402782,51.4129717
14.6065272,51.4257714
14.5977169,51.4185488
14.6178783,51.4267046
14.6132488,51.4264839
14.6158004,51.41521
14.6239275,51.4231351
14.6113908,51.4135472
14.6325266,51.3759454
14.6403104,51.3741238
14.6450138,51.3767161
14.6848681,51.3830018
14.6764934,51.3822938
14.9685984,51.4383799
14.7883861,51.5122045
14.7816001,51.5112263
14.9136507,51.4767088
14.720352,51.5790064
14.5177147,51.4874079
14.5090665,51.4909266
14.638082,51.5082042
14.5165426,51.4935338
14.5237596,51.4842459
14.5108209,51.4922941
14.5180849,51.4868133
14.5192428,51.4919921
14.7157985,51.5763797
14.7173328,51.5462933
14.723616,51.5456497
14.6547693,51.3807459
14.5273669,51.4867429
14.5369936,51.3619054
14.5645789,51.3624012
14.5240483,51.3673032
14.5241017,51.383021
14.7576057,51.4639622
14.7509291,51.4654817
14.7490221,51.4706443
14.5764653,51.3649972
14.6964391,51.5272444
14.6955208,51.532646
14.5222499,51.4026059
14.5166602,51.4028005
14.5091193,51.4035792
14.5933217,51.5426528
14.7088101,51.4656101
14.7669621,51.4946117
14.681131,51.5401365
14.6764439,51.5424763
14.7017961,51.4699053
14.7329097,51.5087137
14.5185964,51.4558487
14.5160291,51.4598166
14.5140594,51.4699204
14.4797952,51.4746671
14.5642276,51.4751215
14.5694872,51.477006
14.5741132,51.4780651
14.5808148,51.4785063
14.6010985,51.4789116
14.5873997,51.4795238
14.6069127,51.4815847
14.5687273,51.4820286
14.6120677,51.4853134
14.5666884,51.4873705
14.6444804,51.5077448
14.6680893,51.5236589
14.6869049,51.4974095
14.646086,51.4999835
14.6912379,51.5464517
14.6749018,51.488862
14.684126,51.488971
14.6700961,51.4985366
14.6916301,51.5228938
14.61329,51.5081408
14.659666,51.5072061
14.6540677,51.5093742
14.6588845,51.5129214
14.6705694,51.4936269
14.6632885,51.4979066
14.6555383,51.504719
14.5072644,51.4840125
14.5027859,51.4877942
14.5052731,51.4917128
14.4995334,51.4932801
14.5053576,51.494638
14.5005899,51.4949432
14.6055282,51.4954578
14.6396593,51.45307
14.6476445,51.4616767
14.4903415,51.4889991
14.4831389,51.4922895
14.4977775,51.478112
14.4911575,51.5023974
14.5342498,51.4304744
14.5290869,51.432262
14.5188114,51.4715627
14.5061012,51.4732926
14.4745304,51.4743685
14.5130344,51.4561693
14.5071392,51.4614926
14.5508645,51.4635694
14.5459709,51.463619
14.5326987,51.4395188
14.5476477,51.4482065
14.5438574,51.4290684
14.5495454,51.4276786
14.5786537,51.4342009
14.5822273,51.4388838
14.6140355,51.4396278
14.585922,51.4171744
14.6814526,51.4970537
14.6866787,51.498014
14.6808988,51.4991839
14.7190637,51.5074097
14.5745595,51.5461874
14.6896658,51.5518551
14.6999696,51.5584128
14.6414182,51.5437169
14.5597382,51.4062494
14.6152447,51.3677114
14.6344225,51.3837751
14.6320669,51.3337838
14.6143968,51.3442727
14.5776532,51.4070131
14.5803283,51.4030617
14.573544,51.399059
14.5014885,51.3281639
14.5072658,51.3379565
14.4921736,51.3364406
14.4869987,51.3341511
14.5155841,51.3579025
14.5136475,51.3652514
14.6428691,51.5145164
14.6370604,51.5175914
14.5196775,51.5329343
14.6398249,51.5091567
14.6629866,51.5269636
14.634916,51.5418058
14.6743249,51.3932824
14.507882,51.3675646
14.510638,51.3718586
14.6281118,51.3697393
14.5703565,51.5665385
14.6420504,51.3292021
14.6286755,51.3281148
14.8302957,51.4717558
14.834663,51.4652981
14.8227873,51.4674012
14.8152798,51.4677958
14.8274122,51.4681129
14.8509321,51.4686865
14.8454506,51.4704564
14.8388251,51.4723673
14.8216775,51.4759944
14.8273233,51.4762335
14.648482,51.3523855
14.6377672,51.3462758
14.7483628,51.5162486
14.7566724,51.520117
14.8224536,51.4888969
14.5688966,51.5575648
14.70943,51.5208768
14.6547599,51.4102904
14.6070831,51.3237763
14.5825742,51.3320306
14.5917707,51.332691
14.5839154,51.3364777
14.5948248,51.3367564
14.5894394,51.3386167
14.5943081,51.3391749
14.589782,51.3408259
14.5842659,51.343971
14.5757263,51.3457635
14.5878057,51.3473751
14.5799778,51.3474792
14.6264482,51.3347642
14.6211225,51.3353
14.6127928,51.3358955
14.606713,51.3393615
14.6021854,51.3413942
14.5973049,51.3484002
14.5973169,51.3329235
14.5979495,51.3431746
14.5700953,51.3409906
14.5619432,51.3420085
14.5797894,51.3422527
14.5731639,51.3452496
14.567354,51.3461285
14.5801651,51.3500564
14.5727582,51.3512342
14.569829,51.3294218
14.5658407,51.3340486
14.556837,51.3389863
14.5635907,51.3393805
14.5604224,51.3427288
14.5491704,51.3464432
14.5428405,51.3389461
14.5851164,51.3536266
14.5804846,51.3537805
14.5856831,51.3580048
14.5701456,51.3584987
14.5810415,51.3593473
14.5856273,51.3601459
14.7062695,51.5556613
14.5877114,51.5202791
14.7121976,51.54089
14.7417278,51.4317491
14.720261,51.4477289
14.7221281,51.4534592
14.6933156,51.472103
14.6833383,51.4812088
14.689818,51.4753158
14.6796039,51.4846374
14.5468187,51.4995644
14.6231493,51.4982621
14.7139974,51.5519252
14.6428515,51.4862006
14.6962316,51.5485433
14.4643179,51.3525297
14.4728635,51.3446115
14.7691831,51.4530591
14.7644689,51.4538418
14.7752067,51.4539474
14.748278,51.4545449
14.7592555,51.4573136
14.7415203,51.4576509
14.8023558,51.4577958
14.7636784,51.4590159
14.7703538,51.4598223
14.7535547,51.461248
14.7487668,51.4643854
14.7529231,51.4667372
14.7889492,51.4766578
14.899723,51.4221736
14.9014825,51.4462789
14.9051303,51.461589
14.5017238,51.3661379
14.5072951,51.3677267
14.5844962,51.4008118
14.5767443,51.4102238
14.5735463,51.4046541
14.5016774,51.3653879
14.5094851,51.3643019
14.7316608,51.4736166
14.742338,51.4763815
14.7289698,51.4786401
14.7382026,51.4790983
14.7447419,51.4822417
14.7318838,51.4835968
14.7401173,51.4844184
14.7230937,51.481567
14.7171277,51.4633081
14.6771654,51.5020824
14.679892,51.4926044
14.592616,51.3353244
14.7221348,51.5535282
14.5494902,51.3876101
14.5552126,51.3903627
14.5627341,51.3604801
14.5742083,51.3699875
14.6377702,51.494163
14.6347938,51.5086898
14.6889979,51.5505638
14.6845789,51.5540195
14.5123155,51.3699395
14.5980053,51.4307495
14.5719113,51.3419539
14.5769696,51.3405908
14.6134768,51.3248548
14.9391563,51.4339455
14.9325075,51.4472054
14.8570102,51.4496333
14.8507212,51.4503654
14.8135977,51.4507446
14.8176185,51.4541026
14.8824473,51.4546066
14.8547875,51.455478
14.8777957,51.4567805
14.8509341,51.4586404
14.8726718,51.4589542
14.9174131,51.4610474
14.87815,51.4630147
14.8842818,51.4638197
14.8474555,51.4644756
14.8901701,51.4651327
14.8791731,51.466686
14.8742085,51.4699081
14.8885298,51.4707431
14.882484,51.4719617
14.8535762,51.4727379
14.879569,51.475667
14.8869359,51.475682
14.894103,51.4771446
14.8670642,51.4786925
14.8871356,51.4795491
14.6601044,51.4134616
14.7186646,51.4413112
14.8827024,51.4421962
14.8970928,51.4433988
14.8757799,51.4436502
14.6682504,51.4448039
14.8707056,51.4448499
14.7913351,51.4459807
14.9220789,51.4477479
14.7721614,51.4492523
14.4907229,51.450881
14.884426,51.4514286
14.8761176,51.4521155
14.838003,51.4528743
14.735313,51.4532643
14.8656312,51.4535601
14.5281341,51.4544968
14.858544,51.4555724
14.8537726,51.4556665
14.8492025,51.4557748
14.8601807,51.4572364
14.8857091,51.4590839
14.6739387,51.4604154
14.9113595,51.4632191
14.9035415,51.4661153
14.6410477,51.4275758
14.6652795,51.4506186
14.5525993,51.4549113
14.5556128,51.4597455
14.6229494,51.3070931
14.6150018,51.3078454
14.6148923,51.3181691
14.5335292,51.5397309
14.6316755,51.3281032
14.6474633,51.3287803
14.6368455,51.3296131
14.641711,51.3299191
14.6353377,51.33089
14.6530415,51.3260617
14.6415245,51.3323764
14.636317,51.333367
14.6249142,51.3136485
14.6401743,51.3300369
14.6405355,51.33486
14.6316466,51.3356398
14.529221,51.533173
14.5239956,51.5345327
14.4837225,51.5495162
14.489725,51.5540126
14.4974904,51.5530709
14.5068945,51.549939
14.5103554,51.3869676
14.5894648,51.3937802
14.5282701,51.4118249
14.4885426,51.3275942
14.5039924,51.5100924
14.6832959,51.4817924
14.6611225,51.4913208
14.6846714,51.4930327
14.6891164,51.4938004
14.6773387,51.4948976
14.6871542,51.5000477
14.6922355,51.50024
14.6973599,51.501666
14.7063109,51.5020535
14.68697,51.5056849
14.709885,51.5067351
14.6960897,51.507115
14.9395405,51.43791
14.9087565,51.4399153
14.932092,51.4409635
14.9027339,51.4410063
14.9402551,51.4410643
14.9497492,51.4424482
14.9581073,51.44258
14.9271655,51.4443962
14.9439132,51.4446539
14.9481455,51.4469295
14.9272522,51.4492244
14.9517672,51.4500749
14.936274,51.4519249
14.9212512,51.4539665
14.9349701,51.4571951
14.9391122,51.4596808
14.9222875,51.4609807
14.9315979,51.4672323
14.9386714,51.4685726
14.9334781,51.4692677
14.9241232,51.4717362
14.9180471,51.4751115
14.9487929,51.4563228
14.9333508,51.4602119
14.9385343,51.4606685
14.9324701,51.4607405
14.9408598,51.4618679
14.9477193,51.4619884
14.9426941,51.4632726
14.9480916,51.4666579
14.9293106,51.4250195
14.9510793,51.4343077
14.9358807,51.4470362
14.9214826,51.4476506
14.935638,51.4536053
14.9123734,51.47033
14.9025282,51.4722955
14.8971876,51.4731133
14.9034212,51.4744628
14.8988675,51.4746781
14.9296468,51.4612133
14.5174159,51.4971996
14.5031761,51.5148072
14.4994857,51.5108775
14.5086638,51.5204654
14.5864532,51.5050395
14.5093906,51.5255841
14.526558,51.5258687
14.5297765,51.5435594
14.5278851,51.5088072
14.4661824,51.3570572
14.4853462,51.3833431
14.4878863,51.3877051
14.5138992,51.4029843
14.5069272,51.3547812
14.4905258,51.3721198
14.4939775,51.376278
14.497564,51.383438
14.5002965,51.3881367
14.5065973,51.3905357
14.7086669,51.5606449
14.6799432,51.5459095
14.7206124,51.5721164
14.6691529,51.5400033
14.4886606,51.332332
14.6299834,51.3640973
14.7040521,51.4313635
14.6976363,51.4312967
14.7103714,51.4465515
14.7074639,51.4505366
14.7014879,51.4276778
14.6861564,51.4241256
14.6952652,51.4309756
14.7224199,51.4337916
14.7155534,51.4254903
14.6992993,51.4367612
14.5852714,51.3706123
14.9544611,51.4394665
14.6154579,51.4540129
14.6082277,51.4542379
14.6315217,51.4589867
14.6350542,51.4650327
14.6403287,51.4659176
14.6362476,51.4769325
14.6640183,51.5373194
14.6578131,51.5375895
14.671509,51.5372635
14.5894706,51.3169451
14.5847869,51.3922565
14.585344,51.3818114
14.5343482,51.3913841
14.5504191,51.392804
14.543619,51.3939573
14.5551678,51.3965986
14.5473263,51.3966116
14.5363858,51.3987259
14.5306039,51.3965594
14.5012496,51.3793822
14.5866627,51.3879586
14.5848116,51.3819715
14.5036102,51.3699371
14.5091686,51.3733293
14.5265404,51.3870122
14.5318791,51.3871658
14.5250072,51.3886091
14.5249507,51.3946975
14.5195787,51.3867491
14.5159449,51.3917637
14.5184714,51.3964714
14.5119496,51.3952216
14.4909721,51.3716199
14.4905975,51.3647865
14.5242503,51.3868253
14.5206387,51.3900675
14.5160788,51.3911918
14.5198151,51.3953513
14.4937252,51.3693013
14.5627648,51.3971635
14.5455555,51.4016859
14.5200375,51.4067236
14.5680807,51.4017457
14.5511052,51.4025457
14.5983063,51.3887992
14.5808854,51.3952478
14.6730885,51.3874035
14.9154989,51.4796189
14.7543996,51.4759732
14.7263764,51.4721187
14.738435,51.4736601
14.7598601,51.4767659
14.7767609,51.480245
14.5614399,51.35438
14.928933,51.4730461
14.9247379,51.4803631
14.8968801,51.482252
14.870783,51.484881
14.6227796,51.5052428
14.6868537,51.5122803
14.6529707,51.5141907
14.6761393,51.5149927
14.6950417,51.5151601
14.6656976,51.5151769
14.6788126,51.5229237
14.6815987,51.4981058
14.6842585,51.5023237
14.7012198,51.5049504
14.6971472,51.5091979
14.672691,51.5096717
14.6790692,51.5095717
14.6844844,51.5097329
14.6908101,51.5113634
14.658632,51.517588
14.6726036,51.5192077
14.6548101,51.520419
14.6592578,51.5224749
14.6436718,51.5238477
14.6531347,51.5239511
14.696017,51.5249249
14.658208,51.525705
14.6541732,51.5293362
14.7259846,51.5054342
14.7184393,51.5123481
14.6943112,51.5188294
14.7274931,51.5116484
14.7336806,51.5118775
14.9309636,51.4338717
14.8196006,51.459253
14.839003,51.459937
14.8276835,51.4610569
14.8041402,51.462315
14.8164721,51.4628678
14.8106275,51.4652829
14.7994588,51.4654087
14.5873858,51.3251576
14.5954794,51.3293343
14.6780708,51.3851027
14.6587815,51.3403253
14.653476,51.3405062
14.633519,51.3443899
14.4988957,51.3629394
14.4941159,51.363832
14.5244262,51.3573906
14.518187,51.3621706
14.5233993,51.3528329
14.5240256,51.346576
14.6008945,51.3821954
14.6004734,51.3873913
14.607085,51.38401
14.6102701,51.378201
14.5782419,51.3780486
14.589699,51.3545639
14.5465731,51.3593187
14.4865814,51.3721538
14.5111854,51.361755
14.4886025,51.363562
14.499148,51.3570895
14.4928046,51.3569153
14.5018072,51.3961691
14.5480123,51.4079089
14.5941084,51.4072959
14.5889935,51.4074648
14.613584,51.4043042
14.6041855,51.4082913
14.5946153,51.3961694
14.577081,51.4003818
14.6059362,51.395641
14.6138555,51.3748141
14.6095157,51.3764482
14.6013915,51.3591223
14.6100282,51.3623338
14.6054738,51.3629685
14.6104574,51.3680359
14.8907343,51.4382608
14.651729,51.4709608
14.6468732,51.4670548
14.6589732,51.4601963
14.6538814,51.4734699
14.7358207,51.4246983
14.6130163,51.5465954
14.5823003,51.5341526
14.6848424,51.4546006
14.561177,51.480262
14.5519295,51.4806043
14.6410979,51.4909668
14.6261017,51.4911621
14.599772,51.499121
14.4685207,51.3481167
14.4770138,51.3481505
14.4820973,51.3465835
14.7108418,51.5947452
14.7139529,51.5896397
14.7078697,51.5868133
14.7027171,51.5894097
14.6373775,51.4946274
14.5320261,51.5305303
14.7163712,51.5692679
14.5632061,51.546039
14.6850118,51.5154183
14.7226056,51.530328
14.6446321,51.3460419
14.6373642,51.3298403
14.5952534,51.3143151
14.5879649,51.3158386
14.5585515,51.3354706
14.5334496,51.3484704
14.5297045,51.3526404
14.4716014,51.3551709
14.6432406,51.3543552
14.4927592,51.3264526
14.5008573,51.3423139
14.485135,51.3407355
14.4794545,51.3408297
14.5035584,51.3338013
14.5062725,51.3396439
14.558777,51.5181275
14.6037459,51.4297543
14.65361,51.4803117
14.6677452,51.4885486
14.6283942,51.4957043
14.6437093,51.4935427
14.6260042,51.4863123
14.6994742,51.5386988
14.6033742,51.5386072
14.6600076,51.3808593
14.5229428,51.5279047
14.4830382,51.3514379
14.4878931,51.3545262
14.8987289,51.4313143
14.4911016,51.3690959
14.5252141,51.4273748
14.7222708,51.5789532
14.5459755,51.4813561
14.7141455,51.5323463
14.6979754,51.5501202
14.5668518,51.5184072
14.6902338,51.408129
14.6297443,51.466915
14.6227491,51.4819903
14.6271559,51.4761426
14.708072,51.5556962
14.7197938,51.5743795
14.7018176,51.5537951
14.5576546,51.3579159
14.5984134,51.3806154
14.6075622,51.3569031
14.6555726,51.5475717
14.7165987,51.5448148
14.707509,51.5422033
14.7245983,51.543657
14.4680421,51.5526971
14.6316031,51.3891307
14.6431285,51.3857595
14.6186056,51.4010976
14.6622647,51.3728461
14.6587229,51.375849
14.6508586,51.3773726
14.644255,51.3791639
14.6485841,51.3777392
14.6675256,51.3794584
14.5020416,51.4604338
14.5068294,51.3965348
14.7216023,51.5351816
14.5635796,51.5283374
14.5625444,51.5232543
14.7293476,51.5478468
14.7198935,51.5494948
14.7246142,51.5472831
14.5702882,51.5301024
14.5035957,51.360214
14.4871643,51.3455003
14.7137286,51.5679387
14.7071289,51.5669207
14.567692,51.5206234
14.6478236,51.473238
14.6451008,51.4772002
14.6438429,51.4711243
14.6381865,51.4717749
14.6196514,51.4753374
14.6173898,51.4688041
14.6107441,51.4585923
14.7000217,51.5207549
14.6367868,51.4608274
14.6167887,51.4445234
14.6527063,51.4290039
14.6827691,51.4111466
14.6653959,51.4136066
14.670357,51.4153384
14.6755242,51.4167599
14.554528,51.4777121
14.5402284,51.4864748
14.6973544,51.4156668
14.704756,51.4170537
14.7148215,51.4186951
14.7254995,51.4201489
14.6498169,51.504635
14.6417441,51.3344021
14.6411342,51.3097863
14.6606894,51.3406705
14.556668,51.4818584
14.5641655,51.482102
14.6815804,51.4705988
14.6763655,51.4741746
14.6950247,51.4763015
14.6824161,51.4876142
14.5241504,51.479311
14.5658776,51.5522448
14.5351491,51.5341111
14.9598106,51.4327019
14.8871615,51.4168939
14.8194008,51.4493488
14.8081424,51.4499534
14.6161723,51.3031504
14.4745731,51.489861
14.481981,51.4772186
14.5619918,51.4717924
14.5152574,51.3660077
14.5542856,51.4121191
14.5859082,51.3376206
14.7622573,51.4520491
14.6054644,51.4544997
14.5985841,51.4555784
14.5788136,51.4596144
14.5669567,51.4613207
14.5618839,51.4614291
14.5556284,51.4623008
14.5593445,51.4123274
14.5655453,51.412985
14.7293708,51.5476836
14.6276629,51.5032265
14.587984,51.5372629
14.6111888,51.3304424
14.6471915,51.3568637
14.495089,51.3640839
14.564702,51.5656379
14.5721438,51.5792293
14.5695395,51.5685353
14.665913,51.469995
14.6681965,51.4642334
14.6424287,51.4772192
14.9199175,51.4205839
14.510228,51.4513553
14.6076696,51.4516936
14.537528,51.5418744
14.508397,51.5114513
14.5299709,51.4825651
14.5654509,51.5283016
14.8591196,51.4660828
14.8723094,51.4649015
14.8775286,51.4604464
14.8802523,51.4564898
14.8952705,51.4681521
14.9056267,51.4535685
14.9102846,51.4574458
14.914568,51.460661
14.9026027,51.461827
14.8823749,51.4615873
14.888099,51.4609169
14.8942348,51.4635472
14.8942745,51.4556095
14.9036961,51.4359029
14.9100577,51.4342234
14.9137356,51.4304377
14.9240232,51.4326139
14.6716201,51.4520135
14.6760833,51.4814786
14.6697606,51.4297069
14.6547767,51.4082614
14.7292862,51.464432
14.7338864,51.4639147
14.7279721,51.4545685
14.7323951,51.4584259
14.7463399,51.4587852
14.7397242,51.4594203
14.7415012,51.4636975
14.7367001,51.4630132
14.7260245,51.4589948
14.7371272,51.4537847
14.7345361,51.4583047
14.7312292,51.4551375
14.7420632,51.4614557
14.7381145,51.5088293
14.5442259,51.4892986
14.5652193,51.3530726
14.5822993,51.349516
14.6259777,51.3402425
14.5211687,51.4828511
14.5448666,51.4746663
14.5740557,51.4686979
14.5909841,51.4661216
14.5959053,51.4648725
14.6013636,51.4639528
14.6314397,51.4003503
14.5585907,51.4002085
14.4983085,51.3542353
14.5428692,51.4387653
14.6599025,51.4091751
14.6722289,51.4090615
14.5531501,51.4161576
14.7140247,51.5195813
14.6603813,51.5057379
14.6545982,51.5032563
14.6798127,51.5131198
14.5820794,51.5420217
14.5968269,51.537698
14.5918231,51.5401626
14.7121137,51.5638031
14.7248892,51.5736744
14.6713921,51.4038751
14.5083395,51.3657387
14.6184196,51.5064998
14.6767082,51.538984
14.6666151,51.5298098
14.6736329,51.5352075
14.5483639,51.5629512
14.5355934,51.559502
14.7138936,51.572029
14.709137,51.5676051
14.699161,51.5450488
14.6251189,51.5392482
14.617359,51.5409913
14.6616211,51.531706
14.6594194,51.5272319
14.5924957,51.5582194
14.6604422,51.5491789
14.5732073,51.5801126
14.7163178,51.5413524
14.6509777,51.5523173
14.6541794,51.5489639
14.5962372,51.5551173
14.5651963,51.5634756
14.571417,51.5624853
14.5811625,51.5484493
14.5475697,51.5578381
14.5541635,51.5691585
14.5412965,51.552214
14.5410393,51.5576456
14.6921456,51.5265171
14.6980987,51.526393
14.7106883,51.5228016
14.55801,51.5643695
14.5538311,51.5670705
14.5601236,51.564136
14.5361178,51.5579864
14.5357171,51.5526044
14.554928,51.5689853
14.5240712,51.5400192
14.5665811,51.5581393
14.5543622,51.5557962
14.5431322,51.5522033
14.5485314,51.5522457
14.5049276,51.5160668
14.5457966,51.5354713
14.5994042,51.5093398
14.6057218,51.5090476
14.6038724,51.5010871
14.6259531,51.4912318
14.6559717,51.5542922
14.5773178,51.5638159
14.6695208,51.4842536
14.6515678,51.4897915
14.5806701,51.5182825
14.6392545,51.4901902
14.5958726,51.5709409
14.7255602,51.5414101
14.5815125,51.56622
14.5874643,51.5712256
14.5701245,51.5286293
14.5615376,51.5275948
14.5656641,51.5252061
14.7158855,51.5185324
14.6969547,51.5312131
14.7054232,51.5284332
14.858078,51.4805122
14.5295784,51.5344271
14.5350536,51.535357
14.5405083,51.5443525
14.5346691,51.5456749
14.5288912,51.5476393
14.5308026,51.5426918
14.5159274,51.5394742
14.5217744,51.5340052
14.5240575,51.5295517
14.5193269,51.5267724
14.5242631,51.5277052
14.5104003,51.5362873
14.52021,51.5319259
14.6110722,51.5025175
14.4786019,51.5068565
14.7049947,51.5371511
14.6918358,51.5465319
14.5189616,51.5388861
14.5743885,51.570982
14.5785248,51.5787229
14.7240704,51.5361935
14.5369265,51.5509673
14.5037703,51.3541739
14.5664753,51.4077919
14.7007353,51.5346559
14.7213486,51.5240897
14.7139933,51.5135576
14.7092937,51.5180042
14.7142133,51.5199326
14.7243123,51.4907663
14.7102228,51.5232662
14.6295514,51.508867
14.6468135,51.4981189
14.7064097,51.5748947
14.5894096,51.5466364
14.7251191,51.5788231
14.5804052,51.4238172
14.5703987,51.413541
14.5366857,51.4276651
14.5017179,51.4752996
14.5070647,51.4970298
14.5014323,51.4993327
14.5215762,51.491639
14.5348545,51.48399
14.5535137,51.4768695
14.5588803,51.4735671
14.5793389,51.4679425
14.5839996,51.4672501
14.5899959,51.4663279
14.5464123,51.4935013
14.7161214,51.5807079
14.6347116,51.4983249
14.5826821,51.4027679
14.5345387,51.4105816
14.5525383,51.4104064
14.529995,51.409541
14.5700206,51.4042728
14.5437802,51.4131764
14.5655593,51.4025658
14.5699546,51.4007802
14.6006688,51.4122415
14.6174326,51.4192003
14.6075087,51.4108944
14.612165,51.411577
14.6908681,51.5247947
14.6861773,51.5303814
14.6648215,51.5278027
14.6415469,51.4952041
14.6401906,51.5025007
14.6080115,51.3456626
14.5569711,51.5282151
14.6804229,51.5280289
14.5413585,51.5343605
14.6141723,51.3620805
14.5376694,51.4083298
14.5422721,51.4090108
14.5268735,51.4160738
14.5354593,51.4133176
14.5419583,51.4108711
14.5202453,51.4274195
14.5225632,51.4232194
14.5265892,51.4261981
14.5129261,51.3440706
14.5074034,51.3488252
14.499609,51.3451588
14.48255,51.3464563
14.6468033,51.3416535
14.5916261,51.3490458
14.5941014,51.3534903
14.6537379,51.5080718
14.6493163,51.5126717
14.6619131,51.5090442
14.6061942,51.3886108
14.6124251,51.3846375
14.6177864,51.3880789
14.6223542,51.5031028
14.6465374,51.5039332
14.6417703,51.5072782
14.6183059,51.5092929
14.47261,51.3502851
14.4763756,51.3446469
14.6470481,51.496703
14.6514545,51.4996701
14.6462175,51.5020084
14.6422393,51.5119941
14.6354819,51.5131423
14.6509461,51.4926742
14.6379946,51.3994099
14.64039,51.40343
14.6392474,51.3981812
14.6353392,51.4050589
14.6420498,51.4053566
14.5900068,51.425089
14.6663815,51.3735315
14.6624309,51.3786891
14.4738275,51.3389201
14.8003036,51.5100161
14.7936117,51.5130604
14.787249,51.5135078
14.6240252,51.4299192
14.6599131,51.4313256
14.6184193,51.4324343
14.6262798,51.4307316
14.6339153,51.4326664
14.6509599,51.4303507
14.6308165,51.4277686
14.6119284,51.4325145
14.6233492,51.4295179
14.6183174,51.4273505
14.6234726,51.4285011
14.7148166,51.4709032
14.6841731,51.4830817
14.6900076,51.4830445
14.7153648,51.4797935
14.6967842,51.4692913
14.4638121,51.3572476
14.6617439,51.4175837
14.6514889,51.3996631
14.6571242,51.3975658
14.6617483,51.400973
14.6385339,51.4823718
14.669677,51.4575017
14.6319813,51.4873517
14.6329777,51.4944953
14.554977,51.4876132
14.5463245,51.5074058
14.5796706,51.5049107
14.6363089,51.4984309
14.5410356,51.4598531
14.5351884,51.4587793
14.5482482,51.4574442
14.5270747,51.4377781
14.5339019,51.445193
14.5331526,51.4364572
14.5290568,51.4408043
14.5351562,51.4396975
14.5429373,51.4315528
14.53363,51.4300612
14.6643609,51.4735314
14.6724772,51.4684021
14.599835,51.4371143
14.6053174,51.4370223
14.6203244,51.434245
14.636085,51.4360659
14.5988399,51.4399282
14.615593,51.4294408
14.5993683,51.4259589
14.6120337,51.4245867
14.6216138,51.4257703
14.6767232,51.4538866
14.6783258,51.4587735
14.6783198,51.4645111
14.6696716,51.4751686
14.6646586,51.4771015
14.6756959,51.4487333
14.6746659,51.4546588
14.6710391,51.451872
14.6612415,51.4527868
14.6379787,51.4543345
14.5612085,51.4138966
14.5615438,51.4776745
14.5135724,51.3981179
14.4686063,51.3575751
14.4904341,51.36927
14.6208881,51.4868554
14.6747599,51.4597381
14.6672284,51.4731975
14.5170499,51.3460015
14.4747117,51.5011694
14.5739477,51.560347
14.5780794,51.552311
14.5723965,51.5621004
14.7275189,51.5426988
14.7234405,51.5447576
14.6460468,51.4306816
14.6061569,51.4355225
14.4496962,51.5507852
14.649172,51.5073703
14.6415368,51.5044692
14.7324385,51.5275851
14.5279533,51.4282797
14.6161251,51.3807347
14.6333237,51.5360809
14.6444654,51.5362735
14.6220273,51.5370717
14.6285076,51.53526
14.7211539,51.465808
14.5481999,51.5266948
14.5607822,51.4876402
14.6966709,51.4255564
14.6807566,51.4213198
14.6697756,51.4186669
14.6611758,51.4154337
14.6898593,51.4207441
14.7056512,51.424706
14.7258133,51.4303197
14.5536273,51.4800406
14.6775682,51.3982703
14.6766389,51.4034687
14.6942142,51.4041785
14.6764579,51.3900204
14.598675,51.5002999
14.5793852,51.4732936
14.5593896,51.4702984
14.5607643,51.4755697
14.6768921,51.4154777
14.6862219,51.4170624
14.7091518,51.4210248
14.6459115,51.5409269
14.6431433,51.5092316
14.7026306,51.5099018
14.6966212,51.5092299
14.691714,51.5084286
14.6870685,51.5082583
14.6813943,51.5080288
14.553376,51.5062069
14.541391,51.5015374
14.5045627,51.5075676
14.6379686,51.5088844
14.6697374,51.5045254
14.6278927,51.4954462
14.6367253,51.5371862
14.7272704,51.5370937
14.636093,51.5001347
14.6321345,51.4970364
14.723329,51.5139273
14.6006437,51.4380391
14.6223357,51.5284672
14.6315313,51.5314351
14.5219409,51.4366578
14.6877197,51.516948
14.6783174,51.515107
14.6716441,51.5118404
14.681654,51.5183665
14.686649,51.519796
14.5281546,51.5267609
14.5206766,51.5251095
14.5236633,51.4959292
14.7306484,51.5047543
14.5105423,51.3521219
14.6507677,51.331407
14.5590385,51.5080259
14.5714654,51.4651025
14.6824092,51.3949372
14.6859731,51.3917108
14.5934945,51.348335
14.5457819,51.3641686
14.5381106,51.3673477
14.5497853,51.3694061
14.553626,51.3747328
14.5305008,51.3704728
14.5332024,51.3757525
14.5396861,51.3793285
14.5461316,51.3801938
14.5135881,51.378248
14.5739453,51.3890481
14.5175614,51.3720677
14.5005913,51.3611832
14.4929185,51.3592145
14.511296,51.3733727
14.5735336,51.332411
14.5812188,51.3252624
14.5896479,51.3248505
14.5868954,51.328589
14.4942605,51.3405621
14.5958309,51.3372899
14.7562592,51.4888183
14.7648734,51.4822181
14.7708978,51.4804411
14.7651904,51.5007845
14.7586996,51.4985284
14.7548758,51.5010823
14.7899666,51.5092726
14.4751126,51.3613133
14.4918734,51.3976293
14.4896793,51.381136
14.4925734,51.3884026
14.5696575,51.3407595
14.4881666,51.3901818
14.4812518,51.3868241
14.6340534,51.5517516
14.6636493,51.3944885
14.557676,51.3292525
14.5699871,51.3256004
14.5683619,51.3191118
14.5670342,51.3247389
14.6485713,51.5086686
14.633142,51.5036597
14.7681123,51.5084986
14.6645141,51.3735962
14.6665234,51.4995282
14.5201333,51.4166442
14.5621674,51.3273267
14.5849123,51.4107946
14.5192869,51.4004674
14.7233856,51.5193942
14.5982237,51.51559
14.5690205,51.5286663
14.5286573,51.5360245
14.580802,51.3662679
14.587065,51.3711828
14.5976386,51.3677558
14.593089,51.3688565
14.5899779,51.4006816
14.5985556,51.3994332
14.6253713,51.3794675
14.5385358,51.3545106
14.4970125,51.355828
14.640542,51.5032711
14.5209782,51.3583039
14.5192051,51.3630056
14.5260447,51.3611785
14.5311946,51.3591938
14.5403945,51.3590581
14.5197147,51.3569997
14.5286297,51.3648262
14.5618988,51.3866978
14.5699514,51.3720647
14.5586787,51.375179
14.5651047,51.3914062
14.5510483,51.3537066
14.5380557,51.354122
14.5701899,51.3573816
14.6489289,51.4977196
14.507599,51.3575075
14.6603249,51.4970189
14.5566004,51.3358201
14.5518154,51.3325791
14.7454683,51.523383
14.7771628,51.4629645
14.5557824,51.3292726
14.5560265,51.3534034
14.6481188,51.4760082
14.6298004,51.4820808
14.6254992,51.4856095
14.5339465,51.5347542
14.613079,51.5213573
14.5475299,51.3491052
14.6236826,51.5131826
14.7948255,51.5145285
14.4970599,51.4608409
14.5089534,51.4459265
14.5039792,51.4488401
14.719326,51.5509773
14.6163681,51.5359505
14.633427,51.5409837
14.7073326,51.5332332
14.7269136,51.5347965
14.6096626,51.3399908
14.9580731,51.4541949
14.5878285,51.3484364
14.5155895,51.3392317
14.6241912,51.347567
14.6338464,51.3424211
14.6142785,51.3475242
14.6513156,51.3438619
14.5969374,51.353354
14.5113744,51.4388845
14.4981158,51.4502091
14.4920455,51.4493612
14.5185728,51.4399807
14.5326081,51.4267319
14.5339857,51.5145512
14.5517633,51.5129326
14.5902976,51.4730791
14.7050688,51.5464006
14.584999,51.4217303
14.5253691,51.4102747
14.4760709,51.3549643
14.6196718,51.3699634
14.6218442,51.3754734
14.6043139,51.5332369
14.6146827,51.3715448
14.6188287,51.3803733
14.6415471,51.3518396
14.6426524,51.3564445
14.6376885,51.346782
14.953355,51.4620402
14.9437678,51.4709029
14.9252136,51.4737686
14.5151192,51.4954187
14.5091178,51.4916318
14.6119553,51.4671388
14.9586352,51.4484959
14.7186125,51.5691887
14.707564,51.5563447
14.6394813,51.3656465
14.6343597,51.3595083
14.614602,51.477421
14.6101098,51.4754714
14.6042566,51.4750246
14.5996708,51.4748144
14.6148177,51.4746386
14.6076544,51.4735893
14.6122869,51.4732135
14.6062973,51.4753821
14.5950219,51.4668216
14.6065544,51.4608525
14.6053361,51.4669379
14.5970711,51.4588149
14.5996253,51.4626715
14.5525746,51.4817533
14.5507201,51.488949
14.5567462,51.4845536
14.6766813,51.4205406
14.7172345,51.4613441
14.5518897,51.3504616
14.5017085,51.3657075
14.6332701,51.5253833
14.5617846,51.5289036
14.5289058,51.5416387
14.6885977,51.4768615
14.607314,51.5177518
14.6803737,51.5506917
14.6993986,51.5587451
14.6659941,51.5063012
14.67079,51.5067774
14.5113489,51.3431256
14.6835677,51.4020152
14.5083851,51.3322875
14.5135939,51.335438
14.5442528,51.3505785
14.6908838,51.4130422
14.5283359,51.5067022
14.5281939,51.5120321
14.5281023,51.5181425
14.6147569,51.4808417
14.6868827,51.4349419
14.7072066,51.4312269
14.6856657,51.4227796
14.6888999,51.4271399
14.6951711,51.4276365
14.7136965,51.4312873
14.6457167,51.3167335
14.6153049,51.3247479
14.5934242,51.3217519
14.6234521,51.3181989
14.6074039,51.3199127
14.5268116,51.5344465
14.4893789,51.3785512
14.5001648,51.5137675
14.8382882,51.489189
14.6282237,51.3078485
14.6109948,51.302851
14.5656931,51.3378539
14.6059974,51.5118625
14.6117467,51.5198309
14.5527332,51.3430971
14.6171163,51.3193799
14.6123052,51.3197229
14.6329012,51.3235055
14.6364822,51.3512947
14.6068664,51.5226097
14.5978688,51.5205619
14.5991695,51.5296686
14.6649691,51.4960964
14.5760464,51.3478918
14.5807396,51.347453
14.6075633,51.3713767
14.6056512,51.3558551
14.5524972,51.3384013
14.5523294,51.3438785
14.6200745,51.5075678
14.5348536,51.5417264
14.6288411,51.5356147
14.621371,51.5370244
14.5377566,51.3600924
14.7211222,51.5377927
14.6843167,51.5354276
14.5191427,51.4095539
14.5289157,51.5350649
14.9249616,51.4193333
14.536209,51.3554125
14.6164879,51.3111222
14.6331708,51.5342085
14.634597,51.3304167
14.4632596,51.3506344
14.6399129,51.3818433
14.6601274,51.3822461
14.6551437,51.3871444
14.6633882,51.3813813
14.4993256,51.3380296
14.7069889,51.5122227
14.5072635,51.4561328
14.655986,51.4167922
14.6637836,51.4223703
14.6259195,51.4613633
14.564571,51.4384864
14.7183054,51.4895102
14.5465034,51.4348464
14.6525543,51.3187964
14.6404382,51.3153555
14.5934755,51.5109043
14.6131318,51.453893
14.6122363,51.4594134
14.5247083,51.5301599
14.6860662,51.5069356
14.5542347,51.3394613
14.6481469,51.524377
14.6426068,51.517561
14.5268494,51.3485354
14.5845441,51.4159011
14.5322384,51.4880899
14.5576027,51.4109229
14.6514333,51.5304194
14.6741657,51.5256578
14.6451944,51.3723468
14.6348363,51.3761735
14.5825248,51.3429775
14.5175646,51.364508
14.6228269,51.3840764
14.6025789,51.4031079
14.6167181,51.3864266
14.5270988,51.4265192
14.5796272,51.3692369
14.6266023,51.3209808
14.5876899,51.5334261
